event_name,event_type,day_of_week,start_time,location,promotion_channel,expected_audience,actual_attendance,budget,feedback_score,feedback_text
Regional Networking Showcase,Hackathon,Monday,10AM,Library,Instagram,164,111,2786,2.2,Felt underprepared for the number of attendees
Global Product Forum,Social Event,Monday,6PM,Online,Email,65,66,2035,3.2,Good organization and networking
Open Data Science Night,Workshop,Friday,12PM,Student Center,LinkedIn,162,166,7859,3.2,Average event could improve timing
Regional AI Symposium,Seminar,Tuesday,4PM,Library,Flyers,129,79,4027,2.9,"Turnout was disappointing, hard to stay engaged"
Collaborative Product Summit,Workshop,Wednesday,2PM,Student Center,Flyers,463,314,1211,2.4,Felt underprepared for the number of attendees
Global Innovation Summit,Career Fair,Monday,6PM,Library,Multiple,491,658,6425,2.9,Felt underprepared for the number of attendees
Advanced Design Symposium,Workshop,Saturday,12PM,Library,Email,487,343,4314,1.6,Too crowded and poorly managed
Applied Networking Summit,Hackathon,Wednesday,12PM,Library,Flyers,157,123,4874,3.2,Average event could improve timing
Open Networking Showcase,Social Event,Saturday,12PM,Student Center,Instagram,133,136,8073,2.9,"Turnout was disappointing, hard to stay engaged"
Advanced Design Summit,Social Event,Tuesday,2PM,University Center,Instagram,470,407,1025,2.6,"Turnout was disappointing, hard to stay engaged"
Open Robotics Meetup,Networking,Friday,2PM,Engineering Hall,LinkedIn,252,236,8017,2.8,Too crowded and poorly managed
Global Robotics Forum,Hackathon,Friday,6PM,Library,Multiple,269,436,7043,3.2,Interesting but promotion was weak
Advanced Research Summit,Career Fair,Monday,10AM,University Center,Instagram,371,357,3121,3.1,Average event could improve timing
Applied Innovation Summit,Career Fair,Thursday,6PM,Online,Multiple,178,467,9564,2.3,Too crowded and poorly managed
Collaborative Data Science Showcase,Hackathon,Friday,2PM,Library,Email,200,171,7623,2.6,Too crowded and poorly managed
Interactive Research Meetup,Hackathon,Wednesday,6PM,Engineering Hall,Multiple,104,167,5389,3.4,Average event could improve timing
Annual AI Workshop,Networking,Wednesday,12PM,Student Center,Multiple,50,75,5810,2.6,"Turnout was disappointing, hard to stay engaged"
Regional Innovation Symposium,Seminar,Wednesday,12PM,University Center,Instagram,499,576,9795,3.1,Good organization and networking
Campus Design Forum,Seminar,Monday,6PM,Engineering Hall,Instagram,387,327,8287,2.8,Felt underprepared for the number of attendees
Open Cloud Computing Showcase,Seminar,Friday,4PM,Engineering Hall,Multiple,436,512,3795,3.3,Average event could improve timing
Regional Entrepreneurship Summit,Hackathon,Wednesday,4PM,Student Center,LinkedIn,111,132,4561,4.3,Amazing event and very informative
Applied Data Science Meetup,Social Event,Friday,12PM,Student Center,Instagram,53,47,1663,3.4,Average event could improve timing
Collaborative Career Forum,Workshop,Monday,2PM,University Center,Multiple,171,254,5062,3.1,Average event could improve timing
Global AI Summit,Networking,Saturday,6PM,Student Center,LinkedIn,174,203,8249,3.5,Interesting but promotion was weak
Applied Networking Summit,Hackathon,Thursday,2PM,Online,LinkedIn,289,330,1387,2.8,Felt underprepared for the number of attendees
Collaborative Robotics Symposium,Workshop,Thursday,2PM,University Center,Instagram,148,176,3616,2.6,Felt underprepared for the number of attendees
Annual Networking Forum,Networking,Wednesday,4PM,Engineering Hall,Email,276,354,9516,2.6,Too crowded and poorly managed
Global Cloud Computing Summit,Seminar,Monday,10AM,Engineering Hall,Instagram,258,184,8456,2.3,"Turnout was disappointing, hard to stay engaged"
Advanced Innovation Showcase,Networking,Thursday,10AM,Online,Flyers,451,395,7954,3.1,Interesting but promotion was weak
Modern Innovation Forum,Seminar,Friday,4PM,Engineering Hall,Instagram,201,190,4066,3.4,Good organization and networking
Interactive Robotics Summit,Workshop,Saturday,2PM,University Center,Email,349,374,8311,3.1,Average event could improve timing
Regional Research Meetup,Social Event,Monday,12PM,University Center,Multiple,84,95,4353,2.9,"Turnout was disappointing, hard to stay engaged"
Emerging Design Meetup,Social Event,Friday,10AM,Student Center,Email,264,287,9760,2.5,Felt underprepared for the number of attendees
Applied Design Symposium,Hackathon,Saturday,2PM,Engineering Hall,Flyers,252,143,2644,2.9,Felt underprepared for the number of attendees
Interactive Career Forum,Research Talk,Monday,10AM,Online,Multiple,338,271,2138,3.3,Good organization and networking
Collaborative Product Showcase,Research Talk,Tuesday,2PM,University Center,Instagram,239,199,5169,2.5,Too crowded and poorly managed
Open AI Summit,Research Talk,Friday,6PM,University Center,Multiple,203,276,2197,2.7,Too crowded and poorly managed
Emerging Career Showcase,Hackathon,Friday,12PM,Library,Flyers,359,294,3950,2.8,Felt underprepared for the number of attendees
Applied Cloud Computing Night,Hackathon,Wednesday,6PM,Online,Flyers,483,623,1332,3.8,Good organization and networking
Community Cybersecurity Forum,Research Talk,Monday,10AM,Library,Instagram,376,197,4791,2.5,Too crowded and poorly managed
Annual Entrepreneurship Forum,Hackathon,Thursday,6PM,University Center,Email,88,136,2942,2.9,Felt underprepared for the number of attendees
Emerging Career Showcase,Social Event,Tuesday,4PM,Engineering Hall,Email,207,186,6474,2.9,Too crowded and poorly managed
Community Robotics Meetup,Networking,Saturday,10AM,Library,Multiple,497,350,7158,2.1,Felt underprepared for the number of attendees
Applied Innovation Night,Seminar,Tuesday,12PM,Online,Email,141,136,5942,3.5,Interesting but promotion was weak
Global Career Night,Networking,Wednesday,12PM,University Center,LinkedIn,496,532,1134,2.9,"Turnout was disappointing, hard to stay engaged"
Emerging Design Night,Career Fair,Wednesday,2PM,Engineering Hall,Instagram,62,77,3664,2.6,"Turnout was disappointing, hard to stay engaged"
Annual AI Workshop,Workshop,Wednesday,2PM,Student Center,LinkedIn,397,446,9285,3.1,Interesting but promotion was weak
Community Entrepreneurship Symposium,Networking,Friday,2PM,University Center,Email,355,333,7619,2.8,"Turnout was disappointing, hard to stay engaged"
Community Cloud Computing Summit,Social Event,Friday,10AM,Online,Multiple,147,221,4673,3.2,Good organization and networking
Emerging Networking Night,Social Event,Friday,12PM,Library,LinkedIn,85,84,5909,3.5,Average event could improve timing
Advanced Innovation Workshop,Workshop,Saturday,2PM,Student Center,Flyers,391,320,7191,3.4,Interesting but promotion was weak
Modern Design Symposium,Social Event,Tuesday,12PM,Online,LinkedIn,396,474,3351,3.3,Average event could improve timing
Collaborative Cybersecurity Showcase,Social Event,Monday,2PM,Library,Instagram,270,201,5779,2.6,"Turnout was disappointing, hard to stay engaged"
Applied Research Workshop,Networking,Friday,4PM,Engineering Hall,Email,195,208,8945,3.0,Average event could improve timing
Global Cybersecurity Forum,Workshop,Tuesday,2PM,Engineering Hall,Instagram,125,117,900,1.9,Too crowded and poorly managed
Advanced Career Meetup,Seminar,Monday,4PM,Online,Multiple,149,182,6791,3.3,Interesting but promotion was weak
Interactive Cybersecurity Summit,Hackathon,Saturday,10AM,University Center,LinkedIn,162,114,3381,2.8,Felt underprepared for the number of attendees
Interactive Product Forum,Social Event,Tuesday,10AM,Online,Instagram,460,473,8112,3.0,Average event could improve timing
Campus Innovation Night,Research Talk,Thursday,6PM,Student Center,LinkedIn,475,591,9476,2.8,"Turnout was disappointing, hard to stay engaged"
Applied Career Workshop,Career Fair,Thursday,2PM,Engineering Hall,Flyers,442,584,9040,3.7,Interesting but promotion was weak
Regional Robotics Meetup,Career Fair,Monday,2PM,Engineering Hall,Flyers,221,202,5738,3.0,Average event could improve timing
Interactive Cybersecurity Symposium,Networking,Thursday,12PM,Engineering Hall,Email,262,282,7178,2.5,"Turnout was disappointing, hard to stay engaged"
Advanced Cybersecurity Summit,Workshop,Tuesday,4PM,Online,Multiple,406,564,820,3.1,Average event could improve timing
Global Cybersecurity Meetup,Research Talk,Wednesday,4PM,Online,Multiple,432,685,9447,2.8,Felt underprepared for the number of attendees
Campus Cybersecurity Meetup,Research Talk,Thursday,4PM,University Center,LinkedIn,222,212,7124,3.2,Average event could improve timing
Applied Cloud Computing Meetup,Social Event,Friday,10AM,Online,Multiple,338,368,944,3.0,Good organization and networking
Collaborative Entrepreneurship Workshop,Seminar,Thursday,12PM,University Center,Flyers,244,194,5863,2.9,Too crowded and poorly managed
Annual Innovation Forum,Seminar,Thursday,2PM,Online,Flyers,477,359,1841,2.7,"Turnout was disappointing, hard to stay engaged"
Global Data Science Forum,Workshop,Wednesday,12PM,University Center,Email,436,488,1008,2.8,Too crowded and poorly managed
Community Design Night,Networking,Tuesday,12PM,Online,Email,338,374,4071,3.5,Interesting but promotion was weak
Regional Research Summit,Research Talk,Tuesday,6PM,Student Center,Email,448,359,3183,3.4,Interesting but promotion was weak
Community Design Night,Research Talk,Friday,4PM,Online,Instagram,88,91,4478,3.7,Good organization and networking
Applied Entrepreneurship Summit,Hackathon,Friday,10AM,Student Center,Email,227,214,9228,2.8,"Turnout was disappointing, hard to stay engaged"
Advanced Entrepreneurship Showcase,Social Event,Saturday,2PM,University Center,LinkedIn,471,403,8531,3.3,Good organization and networking
Open Research Night,Seminar,Thursday,12PM,Online,Instagram,425,505,9048,3.9,Average event could improve timing
Regional Design Symposium,Social Event,Thursday,4PM,Online,Multiple,187,325,5780,3.3,Good organization and networking
Emerging Robotics Symposium,Networking,Thursday,6PM,Student Center,LinkedIn,222,259,970,3.4,Interesting but promotion was weak
Annual Product Meetup,Networking,Wednesday,2PM,Library,Flyers,500,304,5026,2.0,Felt underprepared for the number of attendees
Collaborative Networking Showcase,Workshop,Tuesday,4PM,Online,Multiple,438,773,4437,3.2,Average event could improve timing
Global Design Showcase,Career Fair,Thursday,10AM,University Center,Flyers,163,157,7125,3.0,Average event could improve timing
Interactive Entrepreneurship Workshop,Social Event,Wednesday,4PM,Student Center,Multiple,226,359,7471,2.9,Felt underprepared for the number of attendees
Global Entrepreneurship Summit,Hackathon,Thursday,2PM,Library,Flyers,168,142,2476,3.1,Average event could improve timing
Community Research Night,Hackathon,Friday,12PM,Engineering Hall,Instagram,428,594,8433,3.7,Interesting but promotion was weak
Campus Design Summit,Social Event,Friday,2PM,University Center,Instagram,201,196,4227,4.1,Loved the speakers and content
Community Robotics Showcase,Hackathon,Friday,12PM,Library,Email,77,74,9566,2.5,"Turnout was disappointing, hard to stay engaged"
Collaborative Entrepreneurship Meetup,Seminar,Thursday,10AM,University Center,Multiple,195,242,8190,3.7,Interesting but promotion was weak
Modern Networking Showcase,Workshop,Wednesday,4PM,University Center,Email,255,384,8556,3.3,Good organization and networking
Interactive Cloud Computing Forum,Workshop,Tuesday,12PM,Student Center,Flyers,93,68,4566,3.2,Good organization and networking
Modern Cloud Computing Workshop,Social Event,Friday,12PM,Student Center,LinkedIn,280,281,7753,3.2,Interesting but promotion was weak
Global Design Showcase,Social Event,Friday,10AM,Student Center,Email,440,312,3904,3.0,Average event could improve timing
Advanced Cybersecurity Showcase,Workshop,Tuesday,12PM,Engineering Hall,Multiple,88,96,3064,3.2,Good organization and networking
Collaborative AI Showcase,Social Event,Thursday,2PM,University Center,Instagram,197,265,5132,2.6,Felt underprepared for the number of attendees
Applied Robotics Workshop,Networking,Wednesday,6PM,Engineering Hall,LinkedIn,108,145,9422,3.4,Good organization and networking
Community Research Workshop,Seminar,Tuesday,10AM,University Center,Instagram,455,321,5539,2.3,Felt underprepared for the number of attendees
Collaborative Cybersecurity Summit,Career Fair,Monday,4PM,Library,LinkedIn,189,189,8699,3.4,Average event could improve timing
Global Networking Night,Social Event,Monday,4PM,Library,Multiple,178,190,923,3.6,Good organization and networking
Collaborative Product Showcase,Seminar,Friday,6PM,University Center,Flyers,345,278,1159,2.5,Too crowded and poorly managed
Collaborative Entrepreneurship Symposium,Career Fair,Wednesday,12PM,Student Center,LinkedIn,375,506,8556,3.2,Good organization and networking
Applied Cloud Computing Night,Research Talk,Wednesday,10AM,Engineering Hall,Flyers,260,147,8617,2.8,"Turnout was disappointing, hard to stay engaged"
Regional Cloud Computing Night,Seminar,Friday,10AM,Online,Email,211,180,4635,2.8,"Turnout was disappointing, hard to stay engaged"
Emerging Research Night,Social Event,Monday,6PM,Online,LinkedIn,77,99,3573,4.3,Very engaging and useful session
Open Cybersecurity Showcase,Career Fair,Saturday,4PM,University Center,Instagram,186,248,9498,3.2,Good organization and networking
Interactive Data Science Forum,Career Fair,Monday,10AM,Student Center,Instagram,413,333,3094,2.4,"Turnout was disappointing, hard to stay engaged"
Community Design Forum,Career Fair,Monday,12PM,University Center,LinkedIn,110,100,3022,3.4,Interesting but promotion was weak
Campus Cloud Computing Meetup,Hackathon,Wednesday,4PM,Online,LinkedIn,174,292,7983,2.9,Felt underprepared for the number of attendees
Interactive Design Night,Social Event,Friday,12PM,University Center,Flyers,445,484,7298,3.4,Interesting but promotion was weak
Collaborative Product Symposium,Workshop,Wednesday,2PM,Student Center,Multiple,387,715,8522,2.7,Too crowded and poorly managed
Community Career Forum,Research Talk,Wednesday,6PM,Student Center,LinkedIn,283,276,5772,3.4,Good organization and networking
Advanced Cloud Computing Showcase,Career Fair,Tuesday,4PM,University Center,Flyers,431,543,8249,2.8,Felt underprepared for the number of attendees
Emerging AI Night,Seminar,Saturday,12PM,Online,Email,114,107,8729,2.8,Felt underprepared for the number of attendees
Applied Robotics Summit,Seminar,Thursday,10AM,Student Center,LinkedIn,57,50,2861,3.2,Interesting but promotion was weak
Applied Product Symposium,Career Fair,Wednesday,2PM,Student Center,LinkedIn,382,364,1815,3.7,Interesting but promotion was weak
Applied Networking Workshop,Research Talk,Saturday,4PM,Student Center,Email,366,240,1621,3.0,Good organization and networking
Campus Innovation Workshop,Networking,Saturday,10AM,Online,Email,439,337,2146,2.8,"Turnout was disappointing, hard to stay engaged"
Campus Career Forum,Workshop,Monday,2PM,University Center,Flyers,233,205,6641,2.5,"Turnout was disappointing, hard to stay engaged"
Applied Career Symposium,Career Fair,Friday,12PM,Engineering Hall,Instagram,90,107,6767,3.7,Average event could improve timing
Annual Cybersecurity Workshop,Social Event,Tuesday,12PM,Online,Flyers,285,286,4683,3.2,Average event could improve timing
Advanced Innovation Workshop,Hackathon,Friday,12PM,University Center,LinkedIn,226,310,5401,3.2,Average event could improve timing
Modern Entrepreneurship Forum,Career Fair,Wednesday,12PM,Online,LinkedIn,104,150,4386,3.7,Interesting but promotion was weak
Applied Innovation Summit,Research Talk,Saturday,2PM,University Center,LinkedIn,190,115,632,2.5,Felt underprepared for the number of attendees
Applied Career Forum,Social Event,Saturday,4PM,Library,Instagram,360,320,6272,3.0,Good organization and networking
Modern Entrepreneurship Showcase,Research Talk,Saturday,12PM,University Center,Email,208,150,7722,2.8,Too crowded and poorly managed
Interactive Entrepreneurship Forum,Networking,Monday,2PM,Library,LinkedIn,139,89,3789,2.6,Too crowded and poorly managed
Emerging AI Symposium,Social Event,Wednesday,12PM,Library,LinkedIn,462,368,5335,2.5,Felt underprepared for the number of attendees
Annual Design Forum,Workshop,Tuesday,12PM,Online,Multiple,237,343,1979,2.4,"Turnout was disappointing, hard to stay engaged"
Applied Career Symposium,Workshop,Thursday,2PM,Library,Multiple,245,360,6586,3.2,Good organization and networking
Collaborative Innovation Workshop,Workshop,Friday,6PM,Library,Multiple,163,181,1535,2.8,Felt underprepared for the number of attendees
Regional AI Meetup,Hackathon,Thursday,10AM,Engineering Hall,Email,69,74,5486,3.0,Interesting but promotion was weak
Modern Innovation Showcase,Social Event,Tuesday,4PM,Online,Flyers,393,470,9350,3.4,Interesting but promotion was weak
Community Entrepreneurship Meetup,Networking,Thursday,10AM,Online,Multiple,258,336,5083,2.6,Too crowded and poorly managed
Applied Entrepreneurship Summit,Career Fair,Thursday,12PM,Library,Email,401,428,6518,4.1,Very engaging and useful session
Applied Research Summit,Career Fair,Wednesday,12PM,University Center,LinkedIn,96,129,3975,3.9,Average event could improve timing
Global Research Meetup,Workshop,Wednesday,12PM,Engineering Hall,Multiple,155,219,1624,3.1,Average event could improve timing
Campus Product Workshop,Seminar,Tuesday,2PM,Engineering Hall,Multiple,51,47,5042,3.2,Good organization and networking
Modern Entrepreneurship Summit,Seminar,Tuesday,10AM,University Center,Instagram,57,49,6369,2.7,Too crowded and poorly managed
Regional Cybersecurity Symposium,Networking,Wednesday,10AM,Engineering Hall,LinkedIn,319,208,2362,1.9,Felt underprepared for the number of attendees
Modern Data Science Showcase,Seminar,Wednesday,6PM,Student Center,Email,281,283,8754,2.8,Too crowded and poorly managed
Collaborative Cloud Computing Symposium,Seminar,Saturday,6PM,Library,LinkedIn,379,212,1010,3.1,Good organization and networking
Campus AI Meetup,Hackathon,Monday,4PM,Online,Email,91,104,5777,3.3,Average event could improve timing
Collaborative Product Forum,Research Talk,Friday,6PM,Student Center,Flyers,245,226,9192,2.3,"Turnout was disappointing, hard to stay engaged"
Advanced Entrepreneurship Night,Career Fair,Monday,10AM,Student Center,Instagram,270,290,7898,3.3,Good organization and networking
Open Entrepreneurship Meetup,Career Fair,Thursday,4PM,University Center,Flyers,268,362,5620,3.8,Average event could improve timing
Community Innovation Workshop,Hackathon,Thursday,10AM,University Center,Email,97,119,7575,2.9,Too crowded and poorly managed
Applied AI Symposium,Seminar,Tuesday,6PM,University Center,Multiple,337,558,9702,2.5,"Turnout was disappointing, hard to stay engaged"
Regional Research Forum,Research Talk,Saturday,4PM,University Center,Flyers,357,190,5619,2.3,"Turnout was disappointing, hard to stay engaged"
Regional Design Forum,Networking,Tuesday,4PM,Engineering Hall,Email,229,211,9613,3.7,Interesting but promotion was weak
Modern Networking Night,Networking,Thursday,6PM,Student Center,Multiple,395,804,9621,2.3,Too crowded and poorly managed
Emerging Data Science Meetup,Hackathon,Wednesday,10AM,Engineering Hall,Flyers,409,320,5562,2.7,"Turnout was disappointing, hard to stay engaged"
Community Product Meetup,Seminar,Tuesday,6PM,Online,Email,122,114,1002,3.6,Good organization and networking
Emerging Research Forum,Career Fair,Thursday,4PM,Library,Instagram,239,277,5605,3.7,Average event could improve timing
Collaborative Networking Symposium,Workshop,Monday,12PM,Engineering Hall,Multiple,75,81,1836,3.2,Interesting but promotion was weak
Emerging Cloud Computing Summit,Career Fair,Friday,4PM,Online,Flyers,160,239,8894,4.0,Amazing event and very informative
Global Cloud Computing Forum,Research Talk,Saturday,6PM,Online,Multiple,391,508,5553,3.1,Good organization and networking
Open Entrepreneurship Summit,Workshop,Monday,12PM,Library,Instagram,442,364,2748,2.9,"Turnout was disappointing, hard to stay engaged"
Global Product Forum,Workshop,Thursday,4PM,Engineering Hall,Instagram,244,418,9225,2.2,Felt underprepared for the number of attendees
Annual Cybersecurity Summit,Seminar,Saturday,2PM,University Center,LinkedIn,491,323,1193,3.1,Interesting but promotion was weak
Regional Cloud Computing Summit,Seminar,Wednesday,6PM,Online,Multiple,257,450,7343,3.2,Interesting but promotion was weak
Global Cloud Computing Forum,Research Talk,Tuesday,6PM,Online,Flyers,95,83,7655,2.9,Too crowded and poorly managed
Emerging Robotics Summit,Career Fair,Friday,10AM,Online,Flyers,431,484,6062,3.0,Good organization and networking
Community Networking Night,Social Event,Saturday,10AM,Student Center,Multiple,149,141,6224,3.1,Interesting but promotion was weak
Campus Networking Summit,Networking,Tuesday,10AM,Engineering Hall,Flyers,151,95,3342,2.3,Felt underprepared for the number of attendees
Applied Research Showcase,Networking,Saturday,4PM,Online,Multiple,439,717,9994,2.8,"Turnout was disappointing, hard to stay engaged"
Collaborative Networking Workshop,Hackathon,Friday,2PM,Library,Instagram,275,247,1618,3.1,Interesting but promotion was weak
Collaborative Cybersecurity Summit,Seminar,Wednesday,6PM,University Center,Flyers,309,279,1715,3.2,Interesting but promotion was weak
Collaborative Research Forum,Workshop,Wednesday,2PM,University Center,Email,364,433,8807,3.4,Interesting but promotion was weak
Modern Cybersecurity Forum,Seminar,Saturday,10AM,Online,Multiple,383,374,3584,2.8,"Turnout was disappointing, hard to stay engaged"
Applied Robotics Summit,Networking,Monday,4PM,University Center,Flyers,415,341,1881,2.1,Felt underprepared for the number of attendees
Emerging Design Symposium,Networking,Saturday,4PM,Online,Multiple,317,434,3100,2.6,"Turnout was disappointing, hard to stay engaged"
Interactive Networking Symposium,Career Fair,Wednesday,6PM,University Center,Flyers,83,104,5901,3.8,Good organization and networking
Open Networking Showcase,Research Talk,Wednesday,6PM,Engineering Hall,Flyers,91,70,2817,2.6,"Turnout was disappointing, hard to stay engaged"
Applied Entrepreneurship Night,Hackathon,Thursday,12PM,Student Center,Email,208,279,9657,3.1,Interesting but promotion was weak
Emerging Design Meetup,Networking,Saturday,6PM,University Center,LinkedIn,310,353,6428,3.5,Good organization and networking
Open AI Forum,Networking,Wednesday,4PM,Engineering Hall,Instagram,120,116,3038,3.0,Good organization and networking
Advanced Robotics Meetup,Seminar,Friday,6PM,University Center,Flyers,498,343,2647,3.0,Average event could improve timing
Applied Innovation Meetup,Networking,Saturday,6PM,Engineering Hall,LinkedIn,72,77,7231,3.0,Interesting but promotion was weak
Collaborative Career Workshop,Career Fair,Friday,2PM,Online,Instagram,323,501,4418,2.8,"Turnout was disappointing, hard to stay engaged"
Interactive Cloud Computing Meetup,Hackathon,Friday,4PM,Online,Flyers,448,617,6756,3.9,Average event could improve timing
Interactive AI Showcase,Seminar,Tuesday,6PM,Engineering Hall,Flyers,76,61,8373,3.2,Interesting but promotion was weak
Collaborative Product Meetup,Seminar,Friday,10AM,Library,Email,440,235,3126,2.9,"Turnout was disappointing, hard to stay engaged"
Annual Cloud Computing Forum,Seminar,Thursday,10AM,Engineering Hall,LinkedIn,228,170,936,2.2,"Turnout was disappointing, hard to stay engaged"
Regional Innovation Showcase,Research Talk,Tuesday,4PM,University Center,Flyers,164,109,961,2.3,"Turnout was disappointing, hard to stay engaged"
Campus Innovation Symposium,Research Talk,Tuesday,12PM,University Center,Flyers,474,346,8240,2.7,Felt underprepared for the number of attendees
Interactive Innovation Forum,Career Fair,Friday,10AM,University Center,Email,181,182,4033,3.0,Good organization and networking
Global Cloud Computing Showcase,Social Event,Thursday,10AM,Library,Instagram,204,149,2496,3.0,Good organization and networking
Interactive Data Science Showcase,Seminar,Friday,4PM,University Center,Email,478,452,8689,3.3,Average event could improve timing
Emerging Career Forum,Social Event,Friday,12PM,Engineering Hall,Flyers,269,165,525,3.1,Average event could improve timing
Interactive Product Forum,Career Fair,Tuesday,10AM,Student Center,Flyers,84,64,9118,2.6,Felt underprepared for the number of attendees
Annual Entrepreneurship Night,Workshop,Thursday,4PM,University Center,LinkedIn,241,369,4655,3.1,Average event could improve timing
Annual Entrepreneurship Forum,Workshop,Wednesday,12PM,University Center,Multiple,426,760,5947,3.4,Good organization and networking
Regional Innovation Night,Research Talk,Saturday,12PM,Online,LinkedIn,373,312,3486,2.7,Too crowded and poorly managed
Emerging Design Forum,Career Fair,Monday,2PM,Engineering Hall,Email,455,480,3768,2.9,Too crowded and poorly managed
Emerging Data Science Night,Career Fair,Friday,4PM,Library,Email,435,390,3631,3.5,Interesting but promotion was weak
Collaborative Cloud Computing Workshop,Hackathon,Wednesday,2PM,University Center,Flyers,273,311,7053,2.4,Felt underprepared for the number of attendees
Advanced AI Symposium,Networking,Thursday,4PM,Library,Multiple,186,258,1853,3.7,Average event could improve timing
Applied Design Workshop,Social Event,Tuesday,6PM,Library,Flyers,102,64,1811,2.4,"Turnout was disappointing, hard to stay engaged"
Community Entrepreneurship Forum,Career Fair,Friday,4PM,Engineering Hall,LinkedIn,229,296,7825,3.2,Good organization and networking
Applied Robotics Summit,Career Fair,Wednesday,10AM,University Center,LinkedIn,236,254,8906,3.6,Average event could improve timing
Emerging Entrepreneurship Symposium,Networking,Friday,4PM,University Center,Instagram,84,97,4366,3.5,Average event could improve timing
Regional Research Meetup,Social Event,Monday,6PM,Engineering Hall,LinkedIn,239,289,6595,2.6,"Turnout was disappointing, hard to stay engaged"
Community Robotics Symposium,Social Event,Wednesday,4PM,Library,Flyers,177,144,2358,2.5,Too crowded and poorly managed
Collaborative Career Forum,Social Event,Thursday,6PM,University Center,Flyers,446,494,4764,3.2,Average event could improve timing
Campus Innovation Symposium,Research Talk,Saturday,4PM,Engineering Hall,Email,119,82,1713,3.0,Interesting but promotion was weak
Open Robotics Showcase,Workshop,Saturday,2PM,Library,Email,331,235,9382,2.9,"Turnout was disappointing, hard to stay engaged"
Campus Career Night,Hackathon,Saturday,12PM,Library,Multiple,164,166,2488,3.1,Good organization and networking
Campus Research Summit,Career Fair,Monday,2PM,Student Center,Multiple,238,369,8157,2.9,Felt underprepared for the number of attendees
Regional Robotics Workshop,Workshop,Wednesday,4PM,Online,Multiple,260,546,7208,3.5,Average event could improve timing
Applied Research Meetup,Hackathon,Monday,4PM,Online,Multiple,226,362,2602,3.0,Average event could improve timing
Campus Design Meetup,Seminar,Tuesday,4PM,Student Center,Email,475,390,2534,3.2,Average event could improve timing
Global Networking Forum,Networking,Wednesday,12PM,Library,Multiple,195,192,1792,3.0,Interesting but promotion was weak
Campus Research Forum,Research Talk,Tuesday,2PM,Student Center,Multiple,97,100,8734,2.6,Felt underprepared for the number of attendees
Annual AI Summit,Networking,Tuesday,6PM,Student Center,Flyers,481,497,9734,2.4,Too crowded and poorly managed
Applied Product Workshop,Hackathon,Friday,2PM,Engineering Hall,Multiple,263,351,996,3.3,Interesting but promotion was weak
Community Data Science Meetup,Hackathon,Wednesday,4PM,Engineering Hall,LinkedIn,202,280,7930,3.4,Good organization and networking
Community Entrepreneurship Showcase,Career Fair,Thursday,4PM,Online,Instagram,224,371,2853,3.6,Interesting but promotion was weak
Emerging Career Symposium,Seminar,Wednesday,4PM,Engineering Hall,Flyers,313,301,9702,3.0,Good organization and networking
Advanced Research Symposium,Workshop,Wednesday,4PM,Engineering Hall,Instagram,99,117,1329,3.1,Interesting but promotion was weak
Interactive Cybersecurity Symposium,Networking,Tuesday,2PM,Student Center,Flyers,147,114,3110,2.9,"Turnout was disappointing, hard to stay engaged"
Global Research Workshop,Research Talk,Thursday,10AM,University Center,LinkedIn,308,265,7991,2.5,Too crowded and poorly managed
Interactive Data Science Night,Workshop,Monday,2PM,Online,Multiple,481,860,8210,3.0,Interesting but promotion was weak
Annual Cloud Computing Summit,Workshop,Thursday,12PM,Library,Flyers,441,409,7106,3.1,Interesting but promotion was weak
Interactive Cybersecurity Night,Social Event,Friday,12PM,Library,Multiple,197,203,1704,3.1,Interesting but promotion was weak
Emerging Entrepreneurship Forum,Social Event,Wednesday,6PM,Student Center,Email,115,148,2084,3.1,Interesting but promotion was weak
Annual Data Science Meetup,Research Talk,Tuesday,12PM,Student Center,Multiple,255,317,8693,3.8,Good organization and networking
Emerging Research Workshop,Hackathon,Wednesday,4PM,Student Center,LinkedIn,126,204,8946,3.1,Good organization and networking
Interactive Cybersecurity Showcase,Networking,Thursday,6PM,Library,Multiple,222,412,8811,2.7,Felt underprepared for the number of attendees
Modern Design Night,Social Event,Wednesday,4PM,University Center,Flyers,219,178,2295,2.2,"Turnout was disappointing, hard to stay engaged"
Global Innovation Summit,Hackathon,Saturday,10AM,Student Center,LinkedIn,185,192,9977,2.6,Felt underprepared for the number of attendees
Applied Career Summit,Social Event,Thursday,12PM,Student Center,Multiple,446,802,6729,3.1,Good organization and networking
Campus Cloud Computing Showcase,Social Event,Saturday,10AM,Engineering Hall,Email,275,197,5639,2.3,"Turnout was disappointing, hard to stay engaged"
Campus Product Meetup,Networking,Thursday,6PM,Student Center,LinkedIn,496,619,1520,3.1,Average event could improve timing
Interactive Entrepreneurship Forum,Social Event,Wednesday,4PM,Student Center,LinkedIn,210,230,3337,3.2,Interesting but promotion was weak
Interactive Design Meetup,Research Talk,Saturday,2PM,Student Center,LinkedIn,148,102,4538,3.3,Interesting but promotion was weak
Community Design Workshop,Research Talk,Wednesday,12PM,Online,Flyers,295,250,6214,3.3,Average event could improve timing
Open Data Science Workshop,Workshop,Friday,6PM,Online,LinkedIn,469,692,6154,3.1,Good organization and networking
Global Product Workshop,Hackathon,Monday,2PM,Online,Flyers,432,388,8349,3.5,Good organization and networking
Annual Networking Forum,Social Event,Saturday,2PM,Engineering Hall,Email,365,252,4420,3.0,Good organization and networking
Collaborative AI Showcase,Networking,Saturday,12PM,University Center,Email,261,204,5911,2.1,Felt underprepared for the number of attendees
Applied Career Night,Seminar,Tuesday,10AM,Student Center,Instagram,258,199,8293,3.3,Interesting but promotion was weak
Interactive Innovation Showcase,Research Talk,Wednesday,2PM,University Center,Email,383,414,9906,3.2,Good organization and networking
Campus Innovation Night,Seminar,Monday,12PM,Online,Instagram,68,73,7004,2.3,"Turnout was disappointing, hard to stay engaged"
Open Cybersecurity Showcase,Research Talk,Monday,10AM,Library,Multiple,358,215,2258,2.9,"Turnout was disappointing, hard to stay engaged"
Regional Entrepreneurship Meetup,Social Event,Friday,4PM,Engineering Hall,Multiple,289,457,4970,3.1,Good organization and networking
Modern Networking Night,Hackathon,Thursday,2PM,Engineering Hall,Email,427,470,6023,3.1,Interesting but promotion was weak
Advanced Networking Summit,Networking,Tuesday,6PM,Online,LinkedIn,313,370,5872,3.5,Good organization and networking
Global Cybersecurity Night,Networking,Tuesday,4PM,Library,Instagram,53,45,4772,2.9,"Turnout was disappointing, hard to stay engaged"
Emerging Innovation Meetup,Research Talk,Wednesday,2PM,Student Center,Multiple,55,56,4785,3.3,Average event could improve timing
Interactive Innovation Night,Workshop,Saturday,10AM,Online,Flyers,131,104,7142,2.7,Felt underprepared for the number of attendees
Campus Cybersecurity Meetup,Research Talk,Saturday,10AM,Library,Flyers,364,122,4118,2.1,Too crowded and poorly managed
Interactive Networking Night,Career Fair,Saturday,6PM,Library,LinkedIn,409,406,9498,2.6,"Turnout was disappointing, hard to stay engaged"
Emerging AI Forum,Networking,Tuesday,6PM,University Center,Multiple,278,455,9153,3.2,Average event could improve timing
Campus Entrepreneurship Night,Workshop,Monday,6PM,Student Center,Instagram,343,517,9292,3.9,Good organization and networking
Collaborative Data Science Symposium,Social Event,Thursday,10AM,Engineering Hall,Multiple,300,316,1989,3.0,Average event could improve timing
Applied Design Showcase,Networking,Friday,4PM,Online,Multiple,79,131,9655,2.6,"Turnout was disappointing, hard to stay engaged"
Advanced Entrepreneurship Showcase,Workshop,Thursday,2PM,University Center,Instagram,346,365,1696,2.9,Too crowded and poorly managed
Campus Robotics Night,Workshop,Friday,10AM,University Center,LinkedIn,66,56,5203,2.3,"Turnout was disappointing, hard to stay engaged"
Regional Networking Showcase,Hackathon,Saturday,4PM,Library,LinkedIn,279,238,6684,2.8,"Turnout was disappointing, hard to stay engaged"
Interactive Robotics Showcase,Seminar,Friday,12PM,Library,Email,141,115,9302,2.8,"Turnout was disappointing, hard to stay engaged"
Interactive Cloud Computing Night,Networking,Monday,10AM,Library,LinkedIn,394,295,9420,2.7,"Turnout was disappointing, hard to stay engaged"
Regional Data Science Night,Networking,Tuesday,4PM,Library,Instagram,191,164,3588,3.2,Average event could improve timing
Modern Data Science Symposium,Hackathon,Thursday,6PM,University Center,Instagram,155,260,1602,2.7,Too crowded and poorly managed
Interactive Career Night,Social Event,Saturday,10AM,Engineering Hall,Email,255,169,7691,2.4,Too crowded and poorly managed
Modern Research Night,Seminar,Monday,12PM,Student Center,Flyers,169,121,9938,2.2,"Turnout was disappointing, hard to stay engaged"
Advanced Design Workshop,Hackathon,Wednesday,12PM,Library,Instagram,388,485,9040,2.9,Too crowded and poorly managed
Emerging Networking Showcase,Workshop,Friday,6PM,Engineering Hall,LinkedIn,334,478,8620,2.2,Too crowded and poorly managed
Campus Product Symposium,Career Fair,Friday,2PM,Online,LinkedIn,126,144,5413,3.5,Interesting but promotion was weak
Advanced Product Forum,Networking,Tuesday,2PM,Engineering Hall,LinkedIn,79,83,9714,2.7,"Turnout was disappointing, hard to stay engaged"
Emerging AI Forum,Networking,Thursday,12PM,Library,Instagram,219,201,1795,2.6,"Turnout was disappointing, hard to stay engaged"
Global Research Showcase,Hackathon,Tuesday,10AM,Library,LinkedIn,394,260,1147,2.6,Too crowded and poorly managed
Annual Career Meetup,Hackathon,Friday,12PM,Online,Instagram,495,722,5955,2.7,"Turnout was disappointing, hard to stay engaged"
Global Product Workshop,Hackathon,Monday,4PM,Engineering Hall,Multiple,410,525,3850,2.8,"Turnout was disappointing, hard to stay engaged"
Open Entrepreneurship Forum,Seminar,Wednesday,4PM,Online,Multiple,382,510,6386,2.7,"Turnout was disappointing, hard to stay engaged"
Advanced Data Science Forum,Career Fair,Thursday,10AM,Online,Flyers,154,170,6573,2.9,"Turnout was disappointing, hard to stay engaged"
Advanced Design Meetup,Seminar,Tuesday,12PM,University Center,Flyers,333,238,9988,2.8,Felt underprepared for the number of attendees
Interactive Networking Showcase,Networking,Wednesday,12PM,Online,Multiple,476,795,4526,3.3,Interesting but promotion was weak
Campus Innovation Forum,Research Talk,Wednesday,4PM,Online,LinkedIn,136,159,6270,2.8,Too crowded and poorly managed
Annual Data Science Symposium,Career Fair,Tuesday,6PM,University Center,Multiple,67,115,1717,2.9,Felt underprepared for the number of attendees
Collaborative Entrepreneurship Summit,Networking,Saturday,12PM,University Center,Instagram,54,49,4083,2.8,Felt underprepared for the number of attendees
Interactive Cloud Computing Summit,Social Event,Saturday,6PM,Online,LinkedIn,58,52,608,3.6,Average event could improve timing
Applied Cloud Computing Night,Workshop,Friday,2PM,Student Center,Flyers,58,51,8728,3.5,Average event could improve timing
Interactive Design Night,Networking,Monday,10AM,Student Center,Instagram,173,129,3644,2.2,Felt underprepared for the number of attendees
Global Innovation Meetup,Research Talk,Wednesday,4PM,University Center,Flyers,257,208,8020,2.8,Felt underprepared for the number of attendees
Interactive Cybersecurity Summit,Research Talk,Saturday,10AM,University Center,Email,257,146,6713,2.5,"Turnout was disappointing, hard to stay engaged"
Emerging Research Night,Hackathon,Monday,12PM,University Center,LinkedIn,482,490,7609,2.9,Felt underprepared for the number of attendees
Open Data Science Summit,Workshop,Friday,10AM,Engineering Hall,Instagram,494,461,9786,2.7,"Turnout was disappointing, hard to stay engaged"
Global Research Meetup,Hackathon,Wednesday,6PM,Student Center,Email,141,184,5652,2.8,Too crowded and poorly managed
Modern Cloud Computing Showcase,Seminar,Saturday,4PM,University Center,Flyers,133,111,9739,2.6,Too crowded and poorly managed
Regional Cloud Computing Meetup,Social Event,Wednesday,4PM,Engineering Hall,Email,306,301,6166,2.1,Too crowded and poorly managed
Annual Networking Workshop,Seminar,Monday,2PM,Student Center,Multiple,354,419,6999,3.5,Interesting but promotion was weak
Campus Networking Forum,Seminar,Thursday,4PM,Engineering Hall,Flyers,333,255,6650,2.9,"Turnout was disappointing, hard to stay engaged"
Regional AI Workshop,Hackathon,Thursday,10AM,Student Center,Flyers,458,459,4537,3.1,Average event could improve timing
Annual Design Symposium,Networking,Thursday,12PM,Online,Flyers,234,254,2245,2.9,Too crowded and poorly managed
Interactive Product Forum,Research Talk,Wednesday,10AM,Engineering Hall,Email,145,110,7561,2.5,"Turnout was disappointing, hard to stay engaged"
Modern Entrepreneurship Night,Career Fair,Monday,10AM,University Center,Flyers,333,264,2024,3.6,Average event could improve timing
Interactive Career Forum,Career Fair,Monday,2PM,Online,LinkedIn,448,443,1887,3.7,Average event could improve timing
Collaborative Robotics Summit,Social Event,Tuesday,4PM,Engineering Hall,Instagram,187,211,5433,2.9,"Turnout was disappointing, hard to stay engaged"
Open Career Showcase,Networking,Thursday,2PM,Online,Flyers,297,268,1760,2.6,"Turnout was disappointing, hard to stay engaged"
Open Data Science Symposium,Hackathon,Thursday,6PM,Student Center,Instagram,284,431,2252,2.9,Too crowded and poorly managed
Modern Robotics Workshop,Research Talk,Friday,4PM,Library,LinkedIn,221,175,7555,2.7,Felt underprepared for the number of attendees
Open Innovation Showcase,Research Talk,Friday,12PM,Online,Flyers,140,106,7024,2.3,"Turnout was disappointing, hard to stay engaged"
Emerging AI Forum,Hackathon,Thursday,6PM,Engineering Hall,Flyers,242,293,5092,3.3,Interesting but promotion was weak
Global Cybersecurity Night,Networking,Friday,6PM,Engineering Hall,Multiple,63,101,8063,2.9,Felt underprepared for the number of attendees
Open Networking Meetup,Research Talk,Saturday,10AM,Online,LinkedIn,121,70,5461,2.3,Too crowded and poorly managed
Advanced Product Forum,Hackathon,Thursday,4PM,University Center,LinkedIn,356,505,8351,2.8,Felt underprepared for the number of attendees
Interactive Research Showcase,Seminar,Saturday,4PM,Student Center,Email,454,377,6390,3.1,Average event could improve timing
Applied Networking Showcase,Workshop,Monday,12PM,Library,Instagram,381,314,1225,2.5,Felt underprepared for the number of attendees
Interactive Innovation Forum,Career Fair,Wednesday,4PM,University Center,Email,100,136,4739,4.1,Amazing event and very informative
Applied Research Showcase,Social Event,Friday,6PM,Engineering Hall,LinkedIn,241,277,6908,3.2,Interesting but promotion was weak
Regional AI Night,Social Event,Tuesday,2PM,University Center,LinkedIn,103,91,5340,3.0,Interesting but promotion was weak
Collaborative Entrepreneurship Symposium,Hackathon,Tuesday,2PM,Library,Flyers,283,169,3889,2.7,Felt underprepared for the number of attendees
Regional Data Science Night,Workshop,Thursday,4PM,Library,Email,203,224,1232,3.8,Average event could improve timing
Campus Entrepreneurship Forum,Research Talk,Saturday,10AM,Engineering Hall,Instagram,314,149,3358,2.1,Felt underprepared for the number of attendees
Annual Innovation Forum,Career Fair,Thursday,12PM,Online,Instagram,145,241,7580,3.2,Interesting but promotion was weak
Open Innovation Night,Networking,Thursday,6PM,Online,LinkedIn,52,70,4019,3.3,Good organization and networking
Global Cybersecurity Summit,Seminar,Monday,6PM,University Center,Multiple,145,193,6493,3.5,Interesting but promotion was weak
Advanced Research Summit,Research Talk,Saturday,4PM,Student Center,Flyers,355,208,6867,2.4,Felt underprepared for the number of attendees
Modern AI Showcase,Research Talk,Wednesday,4PM,Student Center,Instagram,466,488,5373,3.5,Average event could improve timing
Community Robotics Forum,Networking,Wednesday,10AM,Engineering Hall,Flyers,109,68,3499,2.3,"Turnout was disappointing, hard to stay engaged"
Collaborative Networking Forum,Career Fair,Thursday,6PM,Engineering Hall,Multiple,246,520,7431,1.9,Too crowded and poorly managed
Campus Entrepreneurship Night,Hackathon,Saturday,12PM,Student Center,Instagram,300,328,5232,2.5,Too crowded and poorly managed
Advanced Product Forum,Career Fair,Friday,10AM,Library,Email,298,262,2736,2.9,Too crowded and poorly managed
Campus AI Forum,Hackathon,Thursday,4PM,Online,LinkedIn,413,705,7772,3.3,Interesting but promotion was weak
Campus Cybersecurity Forum,Workshop,Tuesday,2PM,University Center,Flyers,165,163,9308,3.1,Interesting but promotion was weak
Interactive Entrepreneurship Forum,Hackathon,Thursday,6PM,Student Center,Email,343,436,2371,3.2,Interesting but promotion was weak
Applied Career Workshop,Seminar,Monday,4PM,Student Center,Instagram,267,198,2177,2.9,Felt underprepared for the number of attendees
Regional Career Meetup,Seminar,Monday,4PM,Library,Flyers,491,222,1925,2.5,"Turnout was disappointing, hard to stay engaged"
Modern Robotics Night,Seminar,Saturday,6PM,Library,Multiple,373,385,7515,3.6,Good organization and networking
Interactive Robotics Workshop,Networking,Tuesday,10AM,Student Center,Flyers,322,228,5105,2.5,Felt underprepared for the number of attendees
Regional Robotics Night,Hackathon,Wednesday,2PM,Student Center,Flyers,489,485,8928,3.2,Average event could improve timing
Campus Innovation Workshop,Seminar,Thursday,10AM,Library,Instagram,409,262,2674,3.2,Good organization and networking
Advanced Cloud Computing Symposium,Seminar,Tuesday,4PM,Online,Instagram,345,402,4902,3.3,Average event could improve timing
Emerging Cybersecurity Symposium,Workshop,Saturday,10AM,Online,Multiple,433,489,5058,3.7,Average event could improve timing
Interactive Cloud Computing Meetup,Research Talk,Friday,10AM,University Center,LinkedIn,375,246,6369,2.4,Too crowded and poorly managed
Interactive Research Meetup,Career Fair,Tuesday,4PM,Library,Flyers,474,363,5146,3.1,Interesting but promotion was weak
Regional Robotics Symposium,Social Event,Thursday,2PM,University Center,Email,100,136,8029,3.5,Good organization and networking
Open AI Showcase,Career Fair,Monday,4PM,Engineering Hall,Instagram,382,463,5445,2.5,Too crowded and poorly managed
Open Innovation Showcase,Research Talk,Wednesday,10AM,Library,Instagram,76,48,6993,2.7,Felt underprepared for the number of attendees
Regional Robotics Forum,Seminar,Tuesday,4PM,University Center,Email,50,40,3996,2.9,"Turnout was disappointing, hard to stay engaged"
Advanced Innovation Meetup,Networking,Friday,4PM,University Center,Email,406,440,6129,3.5,Good organization and networking
Emerging Entrepreneurship Workshop,Career Fair,Monday,12PM,Online,Email,424,475,2178,3.2,Good organization and networking
Modern Networking Meetup,Networking,Thursday,12PM,Engineering Hall,Email,321,407,9728,4.2,Amazing event and very informative
Regional AI Meetup,Career Fair,Wednesday,12PM,Engineering Hall,LinkedIn,365,406,7748,3.9,Good organization and networking
Global Design Showcase,Seminar,Monday,6PM,Online,Flyers,269,262,5652,3.3,Good organization and networking
Annual Networking Workshop,Workshop,Tuesday,6PM,Student Center,Multiple,419,725,5168,3.0,Average event could improve timing
Applied Data Science Night,Networking,Friday,6PM,Student Center,Instagram,432,567,6918,2.7,"Turnout was disappointing, hard to stay engaged"
Modern AI Forum,Seminar,Tuesday,4PM,Online,Email,173,186,8685,3.2,Average event could improve timing
Emerging Product Showcase,Workshop,Wednesday,2PM,Engineering Hall,LinkedIn,490,649,9812,3.2,Interesting but promotion was weak
Global Data Science Summit,Networking,Thursday,10AM,University Center,Multiple,84,97,725,4.2,Loved the speakers and content
Community Cloud Computing Summit,Seminar,Thursday,6PM,Library,Multiple,442,610,7306,3.3,Interesting but promotion was weak
Regional Product Meetup,Hackathon,Friday,6PM,Student Center,Instagram,192,213,1869,3.6,Interesting but promotion was weak
Community Cloud Computing Showcase,Seminar,Tuesday,6PM,Library,LinkedIn,350,213,1583,2.3,"Turnout was disappointing, hard to stay engaged"
Modern Research Summit,Seminar,Tuesday,10AM,Engineering Hall,Email,272,153,2400,2.8,"Turnout was disappointing, hard to stay engaged"
Annual Robotics Symposium,Research Talk,Saturday,12PM,University Center,Email,412,304,2748,1.8,Felt underprepared for the number of attendees
Open Innovation Summit,Research Talk,Friday,6PM,Library,Instagram,240,177,2579,3.2,Average event could improve timing
Community Research Showcase,Seminar,Monday,2PM,Online,Flyers,318,193,1546,2.2,"Turnout was disappointing, hard to stay engaged"
Campus Entrepreneurship Meetup,Workshop,Thursday,4PM,Student Center,Flyers,78,88,8685,2.7,Felt underprepared for the number of attendees
Annual Data Science Meetup,Research Talk,Monday,6PM,University Center,Instagram,429,400,8836,2.9,Too crowded and poorly managed
Community Innovation Showcase,Workshop,Thursday,2PM,Online,Instagram,141,183,1079,3.5,Average event could improve timing
Regional Research Workshop,Career Fair,Tuesday,2PM,Engineering Hall,LinkedIn,418,416,5741,3.0,Interesting but promotion was weak
Advanced AI Symposium,Workshop,Friday,10AM,Engineering Hall,Instagram,461,480,8950,2.7,Too crowded and poorly managed
Emerging Career Workshop,Seminar,Wednesday,2PM,Library,Email,333,298,7983,3.1,Good organization and networking
Community Product Night,Social Event,Wednesday,6PM,Engineering Hall,LinkedIn,238,283,8583,2.9,Too crowded and poorly managed
Emerging Networking Night,Seminar,Tuesday,12PM,University Center,LinkedIn,62,60,4317,3.0,Average event could improve timing
Global Product Meetup,Hackathon,Monday,2PM,University Center,LinkedIn,484,498,5538,2.8,Too crowded and poorly managed
Interactive Cloud Computing Showcase,Career Fair,Thursday,10AM,Engineering Hall,Flyers,97,84,1219,3.0,Good organization and networking
Advanced AI Forum,Research Talk,Thursday,10AM,Student Center,Email,308,204,2687,2.5,Felt underprepared for the number of attendees
Advanced Innovation Night,Social Event,Monday,4PM,Engineering Hall,Instagram,199,174,4776,3.0,Interesting but promotion was weak
Campus Research Summit,Hackathon,Wednesday,2PM,Online,Flyers,169,143,1723,3.9,Good organization and networking
Interactive Entrepreneurship Night,Networking,Monday,12PM,Online,LinkedIn,210,195,7160,2.6,Too crowded and poorly managed
Campus Networking Workshop,Networking,Thursday,2PM,Online,Flyers,486,497,2464,3.7,Good organization and networking
Regional Innovation Meetup,Seminar,Saturday,6PM,University Center,Instagram,477,447,5870,1.9,Too crowded and poorly managed
Advanced Cybersecurity Forum,Research Talk,Thursday,6PM,University Center,Flyers,183,160,3348,2.4,Too crowded and poorly managed
Annual Data Science Night,Hackathon,Friday,12PM,University Center,LinkedIn,102,104,2790,3.2,Good organization and networking
Modern Design Night,Seminar,Tuesday,12PM,Engineering Hall,LinkedIn,240,185,1876,2.7,Felt underprepared for the number of attendees
Emerging AI Summit,Workshop,Monday,10AM,Engineering Hall,LinkedIn,464,306,2610,2.8,Too crowded and poorly managed
Annual Cloud Computing Showcase,Career Fair,Monday,12PM,Student Center,LinkedIn,470,555,6971,3.0,Interesting but promotion was weak
Campus Data Science Forum,Career Fair,Tuesday,2PM,Engineering Hall,Instagram,190,184,5085,3.0,Interesting but promotion was weak
Annual AI Workshop,Social Event,Friday,12PM,Library,LinkedIn,260,273,9522,3.1,Interesting but promotion was weak
Advanced Innovation Workshop,Career Fair,Tuesday,4PM,Engineering Hall,Multiple,177,282,9407,3.0,Good organization and networking
Open Robotics Summit,Career Fair,Friday,4PM,Library,Multiple,307,417,5769,3.2,Interesting but promotion was weak
Emerging Research Meetup,Research Talk,Friday,12PM,University Center,Flyers,79,54,8228,2.6,Felt underprepared for the number of attendees
Modern Cloud Computing Workshop,Networking,Monday,12PM,Engineering Hall,Flyers,323,203,1416,2.4,Too crowded and poorly managed
Annual Innovation Showcase,Seminar,Tuesday,12PM,Engineering Hall,Multiple,212,212,6378,3.0,Average event could improve timing
Open Robotics Symposium,Research Talk,Friday,6PM,Engineering Hall,Multiple,146,207,8564,3.2,Average event could improve timing
Collaborative Data Science Workshop,Workshop,Monday,10AM,Engineering Hall,Multiple,162,142,826,3.0,Average event could improve timing
Annual Robotics Forum,Social Event,Tuesday,12PM,Library,Instagram,460,429,5801,2.7,Too crowded and poorly managed
Applied Cloud Computing Forum,Hackathon,Tuesday,10AM,Student Center,Flyers,87,76,6620,2.5,Felt underprepared for the number of attendees
Collaborative Networking Workshop,Workshop,Wednesday,2PM,Library,Instagram,130,116,7657,2.3,Felt underprepared for the number of attendees
Open Innovation Showcase,Networking,Saturday,6PM,Student Center,Flyers,164,136,3372,3.5,Interesting but promotion was weak
Campus Research Workshop,Research Talk,Tuesday,12PM,University Center,Multiple,250,338,9797,2.6,Too crowded and poorly managed
Community AI Meetup,Seminar,Friday,12PM,Student Center,Email,304,235,2804,2.4,"Turnout was disappointing, hard to stay engaged"
Global Career Showcase,Research Talk,Wednesday,12PM,University Center,Flyers,278,182,686,2.9,"Turnout was disappointing, hard to stay engaged"
Community Cloud Computing Meetup,Workshop,Wednesday,2PM,University Center,Email,74,87,6823,2.6,"Turnout was disappointing, hard to stay engaged"
Modern Networking Night,Career Fair,Thursday,4PM,Library,Multiple,242,379,2161,2.3,"Turnout was disappointing, hard to stay engaged"
Annual Entrepreneurship Workshop,Hackathon,Tuesday,12PM,Online,Email,459,575,1047,3.0,Interesting but promotion was weak
Regional Entrepreneurship Forum,Workshop,Monday,2PM,Engineering Hall,LinkedIn,132,111,1728,3.3,Average event could improve timing
Annual AI Workshop,Social Event,Thursday,10AM,Online,Instagram,360,520,7613,3.1,Good organization and networking
Global AI Summit,Networking,Tuesday,4PM,Student Center,Multiple,185,238,5112,4.0,Loved the speakers and content
Advanced AI Workshop,Career Fair,Friday,6PM,Online,Instagram,77,128,6411,3.2,Good organization and networking
Campus Networking Workshop,Seminar,Saturday,6PM,Online,Instagram,99,79,921,2.3,Too crowded and poorly managed
Open AI Showcase,Workshop,Thursday,10AM,Library,LinkedIn,291,267,8513,3.0,Average event could improve timing
Annual Design Symposium,Social Event,Thursday,12PM,Library,LinkedIn,239,198,3556,2.2,"Turnout was disappointing, hard to stay engaged"
Applied AI Summit,Career Fair,Wednesday,12PM,Library,Multiple,81,112,2976,3.3,Average event could improve timing
Advanced Product Symposium,Hackathon,Wednesday,6PM,Online,Multiple,166,436,9570,2.3,Too crowded and poorly managed
Advanced Innovation Summit,Social Event,Saturday,4PM,Student Center,Instagram,293,243,5396,3.1,Good organization and networking
Campus Robotics Meetup,Social Event,Friday,6PM,Student Center,Multiple,125,167,2470,3.8,Interesting but promotion was weak
Applied Robotics Night,Seminar,Tuesday,12PM,University Center,LinkedIn,90,87,7633,3.7,Good organization and networking
Interactive Entrepreneurship Night,Social Event,Wednesday,2PM,University Center,Email,248,275,9615,3.1,Interesting but promotion was weak
Regional Cloud Computing Meetup,Research Talk,Friday,4PM,University Center,Multiple,350,456,9061,3.5,Interesting but promotion was weak
Open Product Workshop,Networking,Friday,6PM,Student Center,Email,104,136,9719,3.0,Good organization and networking
Campus Design Symposium,Career Fair,Wednesday,4PM,Online,Multiple,361,857,8250,2.7,Too crowded and poorly managed
Global Data Science Showcase,Networking,Friday,6PM,Online,Email,252,314,5931,2.6,Felt underprepared for the number of attendees
Open Cybersecurity Night,Career Fair,Wednesday,2PM,University Center,Flyers,468,472,5465,2.8,"Turnout was disappointing, hard to stay engaged"
Open Innovation Symposium,Hackathon,Saturday,10AM,Engineering Hall,Instagram,203,187,7759,3.2,Interesting but promotion was weak
Collaborative Product Night,Social Event,Saturday,10AM,Engineering Hall,LinkedIn,158,113,7171,2.0,Felt underprepared for the number of attendees
Campus Product Forum,Research Talk,Monday,6PM,Engineering Hall,Email,209,192,8803,3.0,Interesting but promotion was weak
Annual Entrepreneurship Showcase,Workshop,Tuesday,12PM,Engineering Hall,Email,177,139,1041,2.8,"Turnout was disappointing, hard to stay engaged"
Annual Career Workshop,Networking,Wednesday,2PM,Online,Multiple,253,306,2529,3.4,Average event could improve timing
Emerging Robotics Night,Career Fair,Friday,4PM,Engineering Hall,LinkedIn,350,414,9533,2.6,"Turnout was disappointing, hard to stay engaged"
Modern Career Night,Research Talk,Saturday,10AM,Library,Email,247,103,1313,1.5,Too crowded and poorly managed
Annual Networking Summit,Networking,Saturday,12PM,Engineering Hall,Flyers,383,279,7209,3.1,Average event could improve timing
Open Innovation Showcase,Career Fair,Tuesday,12PM,Student Center,Email,164,162,4635,3.2,Average event could improve timing
Collaborative Design Showcase,Hackathon,Wednesday,4PM,Online,Flyers,285,342,4628,3.1,Good organization and networking
Emerging Product Showcase,Social Event,Friday,4PM,Student Center,Email,53,68,8880,2.5,Felt underprepared for the number of attendees
Open Networking Workshop,Social Event,Friday,2PM,Library,Email,296,238,1545,2.6,"Turnout was disappointing, hard to stay engaged"
Annual Research Symposium,Seminar,Wednesday,2PM,Library,Instagram,126,117,8975,2.6,Too crowded and poorly managed
Advanced Cloud Computing Showcase,Hackathon,Wednesday,12PM,University Center,LinkedIn,201,261,4750,3.5,Interesting but promotion was weak
Interactive Networking Night,Workshop,Friday,6PM,Engineering Hall,Flyers,421,389,4143,2.5,Felt underprepared for the number of attendees
Interactive Robotics Workshop,Career Fair,Saturday,2PM,Student Center,Flyers,482,361,3285,2.6,Felt underprepared for the number of attendees
Emerging Networking Summit,Workshop,Thursday,12PM,Library,Multiple,440,675,3499,3.4,Average event could improve timing
Open Research Workshop,Networking,Wednesday,12PM,Library,LinkedIn,453,422,5928,3.2,Interesting but promotion was weak
Global Product Summit,Career Fair,Monday,4PM,University Center,Multiple,347,530,1666,2.9,"Turnout was disappointing, hard to stay engaged"
Campus Career Workshop,Seminar,Saturday,4PM,Student Center,Flyers,261,144,1385,2.7,Too crowded and poorly managed
Collaborative Entrepreneurship Showcase,Career Fair,Friday,4PM,Engineering Hall,Flyers,491,425,3454,3.2,Good organization and networking
Modern Robotics Symposium,Networking,Wednesday,10AM,University Center,LinkedIn,190,143,3930,2.8,Too crowded and poorly managed
Advanced Cybersecurity Symposium,Seminar,Monday,12PM,Student Center,LinkedIn,374,325,7535,3.1,Interesting but promotion was weak
Global Data Science Showcase,Workshop,Monday,6PM,Engineering Hall,Flyers,57,59,5779,3.0,Average event could improve timing
Advanced Product Forum,Workshop,Saturday,12PM,Engineering Hall,Flyers,209,155,2612,3.2,Good organization and networking
Interactive Research Forum,Research Talk,Tuesday,10AM,University Center,Flyers,198,130,7969,2.6,Felt underprepared for the number of attendees
Advanced Data Science Meetup,Research Talk,Thursday,12PM,Library,LinkedIn,233,166,3587,2.1,Too crowded and poorly managed
Regional Entrepreneurship Showcase,Networking,Saturday,12PM,Engineering Hall,Email,351,266,8767,2.9,Too crowded and poorly managed
Annual Networking Summit,Hackathon,Monday,4PM,Library,Multiple,369,350,1296,2.6,Felt underprepared for the number of attendees
Interactive Design Symposium,Hackathon,Monday,10AM,University Center,LinkedIn,277,278,6730,3.6,Good organization and networking
Interactive Design Forum,Hackathon,Tuesday,12PM,University Center,Flyers,265,198,2154,2.9,Felt underprepared for the number of attendees
Regional AI Symposium,Social Event,Saturday,12PM,Online,Email,311,310,2428,2.3,"Turnout was disappointing, hard to stay engaged"
Advanced Design Meetup,Networking,Friday,12PM,Library,Multiple,153,167,6364,3.5,Average event could improve timing
Annual Networking Summit,Workshop,Friday,4PM,Engineering Hall,LinkedIn,219,242,4342,3.3,Good organization and networking
Community Innovation Summit,Workshop,Friday,4PM,Engineering Hall,Email,449,501,8883,3.4,Good organization and networking
Regional Robotics Night,Research Talk,Saturday,12PM,Online,Flyers,185,140,8106,2.8,Too crowded and poorly managed
Annual Data Science Night,Workshop,Wednesday,2PM,Library,LinkedIn,428,414,2398,3.5,Good organization and networking
Regional Entrepreneurship Night,Networking,Saturday,12PM,Library,Flyers,274,149,4895,2.1,Felt underprepared for the number of attendees
Community Cybersecurity Night,Research Talk,Tuesday,10AM,Online,LinkedIn,283,205,4953,3.1,Interesting but promotion was weak
Regional Cloud Computing Forum,Career Fair,Saturday,12PM,University Center,Instagram,406,464,1460,3.3,Good organization and networking
Annual Networking Night,Career Fair,Friday,4PM,Engineering Hall,Multiple,244,446,6375,2.2,Felt underprepared for the number of attendees
Regional Design Showcase,Hackathon,Tuesday,4PM,Online,Email,260,398,7720,2.3,Too crowded and poorly managed
Interactive Innovation Showcase,Research Talk,Monday,6PM,Student Center,Multiple,164,175,6042,3.0,Average event could improve timing
Interactive Research Summit,Social Event,Monday,4PM,Engineering Hall,LinkedIn,227,205,6805,2.6,Too crowded and poorly managed
Regional Cybersecurity Workshop,Workshop,Saturday,12PM,Student Center,LinkedIn,486,458,8623,2.2,Too crowded and poorly managed
Advanced Cloud Computing Night,Networking,Wednesday,2PM,University Center,Multiple,164,271,9519,2.5,Felt underprepared for the number of attendees
Collaborative Entrepreneurship Summit,Networking,Monday,4PM,Online,Multiple,279,332,1942,3.1,Interesting but promotion was weak
Interactive Data Science Night,Career Fair,Saturday,10AM,University Center,LinkedIn,261,225,1087,2.6,Felt underprepared for the number of attendees
Applied Cybersecurity Workshop,Workshop,Friday,6PM,Library,Multiple,337,534,3889,3.9,Average event could improve timing
Applied Entrepreneurship Showcase,Research Talk,Monday,12PM,Online,Flyers,336,225,8251,2.3,Felt underprepared for the number of attendees
Open Product Forum,Career Fair,Monday,10AM,Engineering Hall,Email,224,225,6318,3.6,Average event could improve timing
Community Innovation Symposium,Research Talk,Saturday,10AM,University Center,Instagram,302,176,2801,3.1,Average event could improve timing
Collaborative Career Showcase,Workshop,Wednesday,6PM,Engineering Hall,Instagram,111,145,6937,2.9,Too crowded and poorly managed
Applied Research Forum,Research Talk,Monday,4PM,University Center,Multiple,113,119,7881,2.9,"Turnout was disappointing, hard to stay engaged"
Collaborative Product Night,Networking,Thursday,10AM,Student Center,Email,333,368,7591,3.0,Average event could improve timing
Modern Research Workshop,Networking,Saturday,6PM,Engineering Hall,Instagram,103,118,6847,3.1,Average event could improve timing
Open Cybersecurity Night,Social Event,Thursday,4PM,Student Center,Instagram,190,302,7018,2.9,"Turnout was disappointing, hard to stay engaged"
Community Innovation Forum,Networking,Tuesday,4PM,Student Center,Multiple,203,326,9475,2.5,"Turnout was disappointing, hard to stay engaged"
Emerging Networking Meetup,Hackathon,Tuesday,12PM,Engineering Hall,Multiple,415,614,5260,3.2,Average event could improve timing
Regional Entrepreneurship Forum,Hackathon,Saturday,12PM,Student Center,Multiple,405,491,5781,3.0,Average event could improve timing
Interactive AI Summit,Career Fair,Friday,6PM,Online,Multiple,196,424,7420,3.7,Good organization and networking
Applied Design Meetup,Career Fair,Tuesday,10AM,University Center,Instagram,186,190,3136,3.5,Interesting but promotion was weak
Regional Research Night,Seminar,Monday,2PM,Engineering Hall,Multiple,66,56,6376,2.7,"Turnout was disappointing, hard to stay engaged"
Community Design Showcase,Hackathon,Saturday,6PM,Engineering Hall,Multiple,249,310,4392,3.4,Average event could improve timing
Annual Data Science Showcase,Hackathon,Monday,4PM,Online,LinkedIn,453,641,5622,3.3,Average event could improve timing
Interactive Innovation Forum,Research Talk,Tuesday,6PM,Online,Instagram,374,430,6525,3.6,Average event could improve timing
Campus Innovation Forum,Networking,Saturday,12PM,Library,LinkedIn,140,76,1720,1.7,Too crowded and poorly managed
Campus Research Night,Workshop,Thursday,10AM,Online,Flyers,334,311,4829,2.5,Too crowded and poorly managed
Modern Data Science Night,Research Talk,Monday,2PM,Online,Instagram,70,58,3018,2.5,"Turnout was disappointing, hard to stay engaged"
Community Entrepreneurship Forum,Hackathon,Friday,2PM,Online,Multiple,331,535,6366,3.0,Good organization and networking
Interactive Cloud Computing Summit,Networking,Tuesday,6PM,University Center,Multiple,131,226,7314,1.5,Felt underprepared for the number of attendees
Modern Product Symposium,Research Talk,Tuesday,12PM,Library,Flyers,234,127,5309,2.1,Too crowded and poorly managed
Modern Research Meetup,Social Event,Saturday,10AM,University Center,Flyers,278,186,4437,3.1,Average event could improve timing
Community Design Summit,Workshop,Saturday,2PM,Online,Email,247,247,4703,2.6,Felt underprepared for the number of attendees
Applied Career Workshop,Social Event,Wednesday,6PM,Student Center,LinkedIn,299,313,1218,3.2,Interesting but promotion was weak
Regional Career Showcase,Social Event,Monday,10AM,Engineering Hall,Multiple,323,287,620,3.1,Average event could improve timing
Regional Innovation Showcase,Hackathon,Tuesday,4PM,University Center,Instagram,325,493,7630,3.2,Average event could improve timing
Campus Design Forum,Networking,Monday,4PM,Library,Email,94,72,1700,3.0,Good organization and networking
Advanced Cloud Computing Workshop,Workshop,Friday,12PM,Library,LinkedIn,248,261,7891,3.5,Average event could improve timing
Modern Data Science Showcase,Workshop,Thursday,10AM,Student Center,Email,378,385,1536,3.7,Average event could improve timing
Regional Design Night,Seminar,Monday,2PM,Student Center,Email,198,130,5437,2.4,Felt underprepared for the number of attendees
Campus Innovation Symposium,Career Fair,Thursday,4PM,University Center,LinkedIn,130,245,9240,2.5,Too crowded and poorly managed
Interactive Product Meetup,Seminar,Friday,2PM,Engineering Hall,Flyers,396,236,6613,2.7,Too crowded and poorly managed
Regional Design Meetup,Workshop,Monday,10AM,Student Center,Multiple,251,310,9300,3.3,Average event could improve timing
Campus Robotics Meetup,Hackathon,Saturday,2PM,Engineering Hall,LinkedIn,380,309,8897,3.1,Good organization and networking
Interactive Cybersecurity Showcase,Social Event,Wednesday,12PM,University Center,Instagram,393,623,9794,2.4,Too crowded and poorly managed
Modern Cybersecurity Workshop,Social Event,Monday,2PM,University Center,Flyers,100,75,3734,3.0,Average event could improve timing
Emerging Cybersecurity Symposium,Research Talk,Tuesday,12PM,University Center,Flyers,367,219,1643,2.0,Too crowded and poorly managed
Emerging Cloud Computing Meetup,Research Talk,Friday,2PM,Student Center,Instagram,339,337,9787,3.2,Interesting but promotion was weak
Applied Innovation Workshop,Workshop,Wednesday,12PM,Engineering Hall,LinkedIn,191,219,6389,3.0,Good organization and networking
Campus Networking Forum,Career Fair,Thursday,4PM,Library,Flyers,299,397,9538,3.6,Good organization and networking
Regional Data Science Night,Workshop,Wednesday,12PM,Student Center,Instagram,184,228,1752,2.6,Felt underprepared for the number of attendees
Interactive Design Forum,Social Event,Saturday,10AM,Student Center,Multiple,257,212,3985,2.9,Too crowded and poorly managed
Collaborative Product Forum,Social Event,Thursday,12PM,Library,LinkedIn,164,146,5267,3.1,Good organization and networking
Applied Robotics Night,Workshop,Thursday,2PM,Student Center,Email,389,431,4413,3.0,Average event could improve timing
Campus Innovation Showcase,Social Event,Tuesday,4PM,Engineering Hall,Instagram,339,409,9770,3.3,Average event could improve timing
Emerging Career Summit,Career Fair,Wednesday,10AM,Engineering Hall,LinkedIn,168,144,1529,2.7,"Turnout was disappointing, hard to stay engaged"
Annual Networking Workshop,Hackathon,Tuesday,6PM,Library,LinkedIn,290,373,7948,3.2,Good organization and networking
Campus Cloud Computing Showcase,Workshop,Saturday,6PM,Library,Flyers,346,328,9418,3.2,Average event could improve timing
Interactive Cloud Computing Workshop,Career Fair,Wednesday,6PM,University Center,Multiple,178,338,6665,2.6,Too crowded and poorly managed
Collaborative Robotics Meetup,Seminar,Wednesday,4PM,Online,Multiple,53,76,8722,3.0,Good organization and networking
Modern Innovation Night,Workshop,Friday,2PM,Engineering Hall,Instagram,145,152,3078,2.3,"Turnout was disappointing, hard to stay engaged"
Applied Cybersecurity Symposium,Workshop,Saturday,12PM,Online,Flyers,418,351,2356,2.2,"Turnout was disappointing, hard to stay engaged"
Modern Research Meetup,Networking,Friday,12PM,Online,Email,174,200,1206,3.0,Good organization and networking
Open Robotics Forum,Networking,Saturday,6PM,University Center,Multiple,125,147,1416,2.7,Too crowded and poorly managed
Modern Cybersecurity Night,Career Fair,Friday,6PM,University Center,Flyers,93,120,4048,3.1,Interesting but promotion was weak
Applied Product Workshop,Career Fair,Tuesday,12PM,Online,Multiple,123,221,3479,3.4,Average event could improve timing
Advanced Cloud Computing Meetup,Networking,Saturday,2PM,Online,Multiple,352,354,1627,3.6,Good organization and networking
Modern AI Meetup,Workshop,Monday,12PM,Student Center,Multiple,400,636,7377,2.9,Too crowded and poorly managed
Collaborative Networking Meetup,Career Fair,Friday,6PM,University Center,Multiple,307,641,2425,2.3,Too crowded and poorly managed
Community Product Symposium,Social Event,Friday,10AM,Online,Multiple,265,364,6568,2.6,Too crowded and poorly managed
Advanced Robotics Workshop,Networking,Thursday,4PM,Library,Multiple,461,674,9939,3.7,Good organization and networking
Open Career Summit,Career Fair,Tuesday,10AM,Library,Multiple,498,696,9408,3.5,Interesting but promotion was weak
Advanced Networking Meetup,Hackathon,Saturday,10AM,Student Center,Multiple,110,122,9015,3.1,Good organization and networking
Modern Design Workshop,Hackathon,Wednesday,4PM,Library,Email,129,136,7480,3.2,Average event could improve timing
Advanced Career Symposium,Seminar,Friday,4PM,Student Center,Flyers,363,260,5014,2.6,Felt underprepared for the number of attendees
Open Design Forum,Social Event,Friday,4PM,Engineering Hall,Flyers,336,360,9591,3.3,Interesting but promotion was weak
Community Robotics Summit,Research Talk,Saturday,4PM,Engineering Hall,Email,432,255,4264,2.5,"Turnout was disappointing, hard to stay engaged"
Advanced Networking Summit,Networking,Friday,4PM,Library,Multiple,364,421,1352,3.5,Good organization and networking
Open Career Workshop,Seminar,Monday,12PM,Online,Multiple,272,326,1944,3.5,Good organization and networking
Community Research Summit,Workshop,Friday,10AM,Online,LinkedIn,364,462,9036,2.8,"Turnout was disappointing, hard to stay engaged"
Global Data Science Night,Seminar,Tuesday,4PM,Online,Email,153,146,8989,3.2,Interesting but promotion was weak
Global Networking Summit,Social Event,Friday,6PM,Engineering Hall,Multiple,136,208,1090,3.5,Interesting but promotion was weak
Modern Career Forum,Networking,Monday,2PM,Online,Flyers,392,322,6974,3.0,Interesting but promotion was weak
Emerging Entrepreneurship Night,Workshop,Saturday,10AM,University Center,Multiple,195,212,9660,3.3,Average event could improve timing
Open Robotics Symposium,Research Talk,Tuesday,6PM,Engineering Hall,LinkedIn,256,241,9919,2.7,Too crowded and poorly managed
Interactive Design Forum,Social Event,Monday,6PM,University Center,Multiple,200,286,6070,2.8,Too crowded and poorly managed
Emerging Cybersecurity Showcase,Seminar,Friday,2PM,Online,LinkedIn,338,359,8423,3.1,Good organization and networking
Applied Career Showcase,Career Fair,Friday,10AM,Online,Email,182,176,1606,2.8,"Turnout was disappointing, hard to stay engaged"
Community Design Meetup,Hackathon,Tuesday,2PM,Online,Flyers,314,340,9276,3.5,Good organization and networking
Emerging Entrepreneurship Meetup,Research Talk,Monday,4PM,Library,Email,333,171,3424,2.3,"Turnout was disappointing, hard to stay engaged"
Community Career Night,Social Event,Wednesday,12PM,Engineering Hall,LinkedIn,427,421,3771,2.8,Too crowded and poorly managed
Regional AI Summit,Research Talk,Tuesday,12PM,Engineering Hall,Instagram,478,389,6333,3.2,Good organization and networking
Collaborative Entrepreneurship Forum,Hackathon,Saturday,4PM,Student Center,Email,441,557,9371,2.7,Too crowded and poorly managed
Advanced Career Night,Research Talk,Thursday,6PM,Library,LinkedIn,143,159,8874,3.1,Interesting but promotion was weak
Interactive Entrepreneurship Symposium,Social Event,Tuesday,10AM,Student Center,LinkedIn,294,238,9359,2.6,Too crowded and poorly managed
Emerging Innovation Summit,Seminar,Saturday,12PM,Online,Email,407,348,8990,3.8,Interesting but promotion was weak
Modern Design Meetup,Workshop,Saturday,12PM,Online,Multiple,101,156,5831,3.0,Interesting but promotion was weak
Campus Cybersecurity Symposium,Social Event,Wednesday,12PM,Library,LinkedIn,363,350,6121,2.7,"Turnout was disappointing, hard to stay engaged"
Modern Robotics Forum,Networking,Thursday,2PM,Library,LinkedIn,193,181,7884,3.0,Good organization and networking
Global Robotics Night,Hackathon,Tuesday,10AM,Library,Instagram,334,249,7581,2.6,"Turnout was disappointing, hard to stay engaged"
Applied Product Forum,Hackathon,Tuesday,4PM,University Center,Instagram,265,333,8685,2.9,Too crowded and poorly managed
Advanced AI Showcase,Hackathon,Wednesday,4PM,Library,Flyers,337,348,9803,3.5,Good organization and networking
Community Entrepreneurship Workshop,Networking,Monday,12PM,Library,LinkedIn,479,290,2077,2.8,"Turnout was disappointing, hard to stay engaged"
Regional Entrepreneurship Night,Research Talk,Wednesday,6PM,Student Center,Flyers,226,145,824,2.7,"Turnout was disappointing, hard to stay engaged"
Open Entrepreneurship Workshop,Hackathon,Friday,12PM,Student Center,Multiple,382,710,9321,2.6,Too crowded and poorly managed
Applied Robotics Night,Hackathon,Friday,4PM,Online,Email,245,296,5194,3.9,Interesting but promotion was weak
Regional Robotics Workshop,Networking,Saturday,2PM,Online,Multiple,342,485,7131,3.2,Good organization and networking
Collaborative Entrepreneurship Showcase,Networking,Wednesday,2PM,Library,Flyers,359,272,6979,2.5,"Turnout was disappointing, hard to stay engaged"
Community Career Showcase,Social Event,Friday,4PM,Online,Instagram,144,184,878,3.6,Good organization and networking
Regional Cybersecurity Forum,Research Talk,Saturday,10AM,Engineering Hall,Instagram,253,113,2187,2.3,Too crowded and poorly managed
Campus AI Showcase,Workshop,Monday,4PM,Student Center,Email,103,114,4800,3.5,Average event could improve timing
Interactive Robotics Summit,Career Fair,Wednesday,12PM,Engineering Hall,Flyers,276,250,2571,3.1,Good organization and networking
Interactive Cybersecurity Meetup,Workshop,Saturday,2PM,Library,LinkedIn,289,252,9356,3.8,Interesting but promotion was weak
Interactive Networking Showcase,Hackathon,Friday,12PM,Student Center,Multiple,283,438,9740,2.6,"Turnout was disappointing, hard to stay engaged"
Open Entrepreneurship Symposium,Social Event,Wednesday,2PM,Online,Multiple,166,264,1967,2.8,"Turnout was disappointing, hard to stay engaged"
Open Cybersecurity Forum,Research Talk,Tuesday,2PM,University Center,Email,317,233,2733,3.9,Interesting but promotion was weak
Modern Career Night,Workshop,Saturday,4PM,Online,Flyers,54,57,7552,3.1,Interesting but promotion was weak
Global Robotics Showcase,Workshop,Friday,2PM,Engineering Hall,LinkedIn,337,325,7661,2.6,"Turnout was disappointing, hard to stay engaged"
Applied Career Forum,Hackathon,Saturday,4PM,Online,Instagram,184,216,1797,3.4,Interesting but promotion was weak
Global AI Meetup,Seminar,Friday,2PM,Library,Multiple,464,373,4904,3.2,Interesting but promotion was weak
Modern Cybersecurity Meetup,Networking,Wednesday,10AM,Online,Multiple,281,402,4958,3.0,Average event could improve timing
Open Design Meetup,Research Talk,Monday,12PM,University Center,Multiple,61,63,3546,2.4,Too crowded and poorly managed
Global Entrepreneurship Symposium,Hackathon,Thursday,10AM,Engineering Hall,Email,127,112,741,2.6,"Turnout was disappointing, hard to stay engaged"
Annual Design Night,Research Talk,Thursday,2PM,Online,Email,219,232,1814,2.5,Too crowded and poorly managed
Annual AI Night,Career Fair,Monday,6PM,Online,Instagram,148,239,4597,3.8,Interesting but promotion was weak
Collaborative Innovation Night,Hackathon,Tuesday,4PM,Online,Instagram,427,524,1049,2.5,Too crowded and poorly managed
Campus Networking Showcase,Workshop,Friday,12PM,Online,LinkedIn,398,524,5613,2.9,"Turnout was disappointing, hard to stay engaged"
Open Career Workshop,Workshop,Saturday,6PM,Student Center,Email,179,234,8384,3.4,Average event could improve timing
Annual Robotics Night,Workshop,Saturday,12PM,University Center,Instagram,374,423,7613,2.7,"Turnout was disappointing, hard to stay engaged"
Community Cybersecurity Showcase,Research Talk,Friday,10AM,Online,Instagram,54,42,1188,2.9,Felt underprepared for the number of attendees
Applied Research Workshop,Social Event,Tuesday,2PM,University Center,Instagram,130,166,8690,2.9,Too crowded and poorly managed
Interactive AI Meetup,Seminar,Saturday,10AM,University Center,Flyers,380,167,3021,2.4,Felt underprepared for the number of attendees
Global Data Science Showcase,Career Fair,Tuesday,2PM,Student Center,Flyers,462,440,7687,2.9,Felt underprepared for the number of attendees
Open Product Showcase,Career Fair,Wednesday,12PM,Library,Email,298,318,7668,3.1,Average event could improve timing
Collaborative Design Night,Career Fair,Tuesday,6PM,Engineering Hall,Multiple,228,398,5803,3.4,Average event could improve timing
Open Design Forum,Seminar,Friday,6PM,Engineering Hall,Email,321,275,3039,2.4,"Turnout was disappointing, hard to stay engaged"
Modern Entrepreneurship Night,Research Talk,Thursday,10AM,Student Center,LinkedIn,425,306,3539,2.8,Too crowded and poorly managed
Interactive Networking Symposium,Social Event,Tuesday,2PM,University Center,Multiple,469,739,6848,3.3,Good organization and networking
Emerging AI Summit,Seminar,Friday,12PM,Student Center,Flyers,215,154,7214,2.2,Felt underprepared for the number of attendees
Regional Cybersecurity Meetup,Social Event,Saturday,10AM,University Center,Instagram,141,107,1012,2.1,Too crowded and poorly managed
Emerging Career Forum,Workshop,Monday,6PM,Online,LinkedIn,319,360,4693,3.1,Good organization and networking
Applied Data Science Workshop,Hackathon,Monday,10AM,Engineering Hall,LinkedIn,476,312,1810,1.7,"Turnout was disappointing, hard to stay engaged"
Annual Innovation Summit,Social Event,Saturday,4PM,Library,Email,471,393,4855,3.0,Average event could improve timing
Global Product Symposium,Seminar,Wednesday,10AM,Engineering Hall,Multiple,99,86,2158,3.2,Average event could improve timing
Community Product Symposium,Networking,Tuesday,6PM,Engineering Hall,Multiple,370,515,3431,2.5,Felt underprepared for the number of attendees
Campus Robotics Forum,Hackathon,Monday,6PM,Library,LinkedIn,409,396,7497,3.4,Good organization and networking
Emerging Product Workshop,Career Fair,Friday,2PM,Engineering Hall,Multiple,357,558,7758,3.5,Interesting but promotion was weak
Interactive Career Symposium,Seminar,Wednesday,4PM,Online,Flyers,361,357,4443,3.2,Average event could improve timing
Community Data Science Workshop,Seminar,Friday,2PM,Library,LinkedIn,279,224,7005,3.3,Good organization and networking
Global Entrepreneurship Summit,Social Event,Monday,6PM,Engineering Hall,Flyers,53,41,5420,2.6,Too crowded and poorly managed
Campus AI Summit,Seminar,Saturday,2PM,Student Center,Multiple,334,303,9849,2.7,Felt underprepared for the number of attendees
Open Design Summit,Career Fair,Wednesday,12PM,Engineering Hall,Flyers,237,234,4593,3.0,Good organization and networking
Campus Cybersecurity Night,Social Event,Thursday,6PM,Engineering Hall,Email,420,646,5819,2.6,"Turnout was disappointing, hard to stay engaged"
Community Research Symposium,Hackathon,Saturday,6PM,University Center,Multiple,378,573,5421,2.8,Too crowded and poorly managed
Community Networking Night,Workshop,Monday,2PM,Library,LinkedIn,263,167,2474,2.6,Too crowded and poorly managed
Interactive Research Meetup,Social Event,Monday,4PM,University Center,Flyers,318,270,1174,2.9,"Turnout was disappointing, hard to stay engaged"
Modern Research Forum,Research Talk,Friday,12PM,Engineering Hall,Email,394,351,6936,3.1,Interesting but promotion was weak
Regional Cybersecurity Forum,Workshop,Tuesday,4PM,Library,LinkedIn,125,105,2665,2.0,"Turnout was disappointing, hard to stay engaged"
Advanced Innovation Meetup,Hackathon,Monday,6PM,Online,Flyers,93,117,7029,4.3,Very engaging and useful session
Modern Career Forum,Seminar,Tuesday,4PM,Student Center,Instagram,299,256,6976,2.5,Felt underprepared for the number of attendees
Emerging Networking Forum,Social Event,Saturday,6PM,Engineering Hall,Instagram,86,91,4862,3.4,Interesting but promotion was weak
Emerging Research Showcase,Workshop,Monday,4PM,Online,Flyers,228,243,3620,3.2,Interesting but promotion was weak
Campus Cybersecurity Summit,Workshop,Wednesday,12PM,Library,Multiple,470,654,7745,2.8,Felt underprepared for the number of attendees
Community Data Science Meetup,Seminar,Tuesday,12PM,Library,Instagram,437,318,1905,2.9,Too crowded and poorly managed
Collaborative Cybersecurity Summit,Social Event,Tuesday,2PM,University Center,Flyers,405,327,2323,2.4,"Turnout was disappointing, hard to stay engaged"
Interactive Cybersecurity Forum,Research Talk,Tuesday,6PM,Engineering Hall,Instagram,329,371,9073,3.2,Interesting but promotion was weak
Open Robotics Summit,Hackathon,Tuesday,10AM,Online,Multiple,389,639,9131,3.8,Good organization and networking
Advanced Networking Workshop,Research Talk,Tuesday,6PM,Library,Email,288,207,636,2.5,Too crowded and poorly managed
Advanced Product Showcase,Hackathon,Saturday,2PM,University Center,Email,199,225,6832,3.2,Good organization and networking
Interactive Cybersecurity Forum,Workshop,Wednesday,4PM,Student Center,Multiple,95,157,3554,2.5,Too crowded and poorly managed
Advanced Innovation Meetup,Hackathon,Monday,10AM,Engineering Hall,Multiple,206,241,5965,3.5,Interesting but promotion was weak
Annual Networking Workshop,Workshop,Wednesday,2PM,Library,Flyers,170,138,8712,2.5,"Turnout was disappointing, hard to stay engaged"
Applied Robotics Summit,Career Fair,Monday,6PM,Library,Instagram,127,153,6099,3.3,Interesting but promotion was weak
Campus Cloud Computing Workshop,Hackathon,Thursday,6PM,Student Center,Instagram,263,490,4438,3.3,Average event could improve timing
Interactive Networking Night,Social Event,Wednesday,4PM,Student Center,Instagram,155,191,2770,3.1,Average event could improve timing
Modern Robotics Workshop,Networking,Tuesday,2PM,Student Center,Instagram,270,237,2878,3.1,Average event could improve timing
Annual Entrepreneurship Symposium,Workshop,Friday,6PM,University Center,Instagram,212,273,2884,3.3,Average event could improve timing
Campus Robotics Summit,Career Fair,Wednesday,4PM,Library,Instagram,448,486,3579,3.6,Good organization and networking
Global Career Showcase,Seminar,Friday,6PM,Library,Multiple,340,409,4283,3.4,Average event could improve timing
Applied Entrepreneurship Meetup,Workshop,Wednesday,10AM,Online,Instagram,307,430,8180,3.6,Average event could improve timing
Annual Cloud Computing Night,Seminar,Thursday,4PM,Online,Instagram,133,147,3666,3.0,Good organization and networking
Campus Cybersecurity Night,Workshop,Wednesday,4PM,Engineering Hall,Instagram,437,520,3851,2.7,Too crowded and poorly managed
Modern Innovation Night,Social Event,Thursday,2PM,Online,Instagram,268,420,7133,2.4,Too crowded and poorly managed
Interactive Product Showcase,Career Fair,Saturday,2PM,Online,Multiple,430,706,9870,2.4,Felt underprepared for the number of attendees
Interactive Product Symposium,Hackathon,Monday,6PM,University Center,LinkedIn,283,301,1194,3.0,Good organization and networking
Open Cybersecurity Symposium,Hackathon,Monday,6PM,Online,Multiple,441,670,1307,3.1,Good organization and networking
Interactive Robotics Symposium,Research Talk,Wednesday,4PM,Engineering Hall,LinkedIn,200,158,1393,2.5,Felt underprepared for the number of attendees
Community Product Meetup,Seminar,Saturday,4PM,University Center,Multiple,107,114,3445,2.2,Felt underprepared for the number of attendees
Community Career Symposium,Career Fair,Thursday,2PM,Online,Email,141,261,7933,2.6,Felt underprepared for the number of attendees
Collaborative Networking Workshop,Workshop,Wednesday,2PM,Engineering Hall,Email,96,91,2370,2.8,Felt underprepared for the number of attendees
Advanced Data Science Night,Workshop,Friday,4PM,Student Center,Multiple,131,204,6704,3.0,Average event could improve timing
Community Data Science Symposium,Networking,Wednesday,6PM,Engineering Hall,Instagram,494,536,2869,3.7,Good organization and networking
Annual Research Night,Research Talk,Wednesday,4PM,Library,Instagram,110,82,2655,2.0,Too crowded and poorly managed
Collaborative Career Meetup,Research Talk,Monday,4PM,Online,LinkedIn,328,256,594,3.0,Average event could improve timing
Modern Data Science Meetup,Social Event,Saturday,4PM,Online,LinkedIn,276,279,1800,3.3,Average event could improve timing
Annual Networking Workshop,Social Event,Wednesday,6PM,Student Center,Instagram,75,109,3528,3.0,Good organization and networking
Annual AI Symposium,Workshop,Tuesday,10AM,Student Center,Multiple,202,271,5924,3.3,Good organization and networking
Collaborative Innovation Forum,Networking,Tuesday,2PM,Student Center,Multiple,343,399,9710,3.1,Good organization and networking
Advanced Product Summit,Research Talk,Monday,10AM,Library,Flyers,238,91,6708,2.4,Too crowded and poorly managed
Interactive Career Showcase,Research Talk,Thursday,12PM,University Center,Flyers,218,198,9135,2.6,"Turnout was disappointing, hard to stay engaged"
Collaborative Innovation Showcase,Networking,Friday,10AM,University Center,Multiple,423,518,9166,2.8,Too crowded and poorly managed
Interactive Research Forum,Social Event,Saturday,2PM,Online,Multiple,484,684,5685,2.3,"Turnout was disappointing, hard to stay engaged"
Campus Research Meetup,Research Talk,Tuesday,6PM,Student Center,LinkedIn,316,320,8654,3.3,Interesting but promotion was weak
Regional Innovation Night,Hackathon,Wednesday,12PM,University Center,Email,62,92,8116,2.8,Felt underprepared for the number of attendees
Applied Career Summit,Networking,Friday,4PM,Online,Email,220,240,6228,2.5,Felt underprepared for the number of attendees
Interactive Entrepreneurship Night,Hackathon,Tuesday,2PM,Library,Email,207,163,5419,2.4,Felt underprepared for the number of attendees
Annual Robotics Meetup,Workshop,Monday,2PM,Library,LinkedIn,420,372,9821,3.1,Average event could improve timing
Campus Networking Symposium,Research Talk,Wednesday,4PM,Online,Email,380,389,2724,3.2,Interesting but promotion was weak
Open Research Showcase,Seminar,Friday,2PM,Online,LinkedIn,430,334,1417,2.4,Felt underprepared for the number of attendees
Emerging Entrepreneurship Summit,Hackathon,Wednesday,6PM,Student Center,Email,156,288,9960,3.4,Average event could improve timing
Modern Research Symposium,Networking,Wednesday,10AM,Library,LinkedIn,370,305,9253,2.8,Too crowded and poorly managed
Advanced AI Symposium,Networking,Friday,10AM,Library,Flyers,413,176,1018,2.4,"Turnout was disappointing, hard to stay engaged"
Regional Entrepreneurship Night,Networking,Wednesday,4PM,Library,Instagram,318,321,5453,3.2,Good organization and networking
Campus Career Workshop,Workshop,Tuesday,10AM,Online,Multiple,62,100,8407,2.9,Felt underprepared for the number of attendees
Applied Robotics Meetup,Career Fair,Saturday,6PM,Library,Flyers,123,83,2109,2.8,Felt underprepared for the number of attendees
Annual Networking Night,Hackathon,Monday,4PM,Online,Multiple,109,164,567,3.5,Interesting but promotion was weak
Community Design Summit,Social Event,Monday,2PM,Online,Email,102,128,9029,3.1,Average event could improve timing
Interactive Entrepreneurship Night,Social Event,Wednesday,12PM,Library,Instagram,148,138,5195,3.3,Interesting but promotion was weak
Annual Research Forum,Career Fair,Saturday,10AM,Library,Instagram,130,90,4983,2.4,Too crowded and poorly managed
Campus Innovation Night,Social Event,Monday,12PM,Student Center,Flyers,331,280,5718,3.6,Interesting but promotion was weak
Collaborative Data Science Meetup,Research Talk,Friday,12PM,Engineering Hall,Email,209,144,6049,2.3,Felt underprepared for the number of attendees
Advanced Robotics Showcase,Workshop,Thursday,10AM,University Center,LinkedIn,77,81,1910,4.0,Loved the speakers and content
Community Networking Night,Social Event,Friday,4PM,Student Center,Flyers,209,173,5944,2.3,Too crowded and poorly managed
Collaborative Design Showcase,Social Event,Monday,4PM,Student Center,Instagram,97,116,8172,3.1,Good organization and networking
Open Entrepreneurship Symposium,Hackathon,Saturday,4PM,Online,Instagram,164,166,2854,3.3,Average event could improve timing
Collaborative AI Workshop,Networking,Saturday,2PM,Library,LinkedIn,299,145,995,2.8,Too crowded and poorly managed
Interactive AI Symposium,Career Fair,Thursday,12PM,Library,Flyers,359,406,9915,3.8,Good organization and networking
Interactive Cybersecurity Symposium,Seminar,Saturday,10AM,Library,Multiple,382,215,1662,3.0,Interesting but promotion was weak
Advanced AI Workshop,Social Event,Thursday,12PM,Student Center,Instagram,330,396,3105,2.5,"Turnout was disappointing, hard to stay engaged"
Community Career Meetup,Networking,Saturday,6PM,Online,LinkedIn,340,441,6106,3.3,Average event could improve timing
Interactive AI Night,Hackathon,Saturday,10AM,Student Center,LinkedIn,108,91,8084,2.6,"Turnout was disappointing, hard to stay engaged"
Modern Cloud Computing Workshop,Career Fair,Tuesday,2PM,Online,Email,356,397,2281,3.5,Average event could improve timing
Applied Data Science Night,Career Fair,Saturday,10AM,University Center,Instagram,468,466,2776,3.5,Average event could improve timing
Modern Cybersecurity Meetup,Networking,Saturday,12PM,Online,Multiple,199,237,6889,3.3,Average event could improve timing
Community Entrepreneurship Summit,Networking,Saturday,2PM,Library,Multiple,456,413,5489,2.7,"Turnout was disappointing, hard to stay engaged"
Annual Entrepreneurship Forum,Social Event,Monday,6PM,Student Center,LinkedIn,483,446,2589,2.5,"Turnout was disappointing, hard to stay engaged"
Global Cloud Computing Showcase,Workshop,Monday,6PM,Library,Email,490,447,5123,2.7,Too crowded and poorly managed
Global Networking Meetup,Social Event,Thursday,2PM,Online,LinkedIn,245,303,7630,2.9,Felt underprepared for the number of attendees
Campus Design Night,Career Fair,Tuesday,12PM,Student Center,LinkedIn,481,620,6402,3.2,Interesting but promotion was weak
Community Cybersecurity Showcase,Hackathon,Tuesday,12PM,University Center,Email,381,348,757,3.4,Good organization and networking
Modern Cloud Computing Forum,Career Fair,Tuesday,10AM,Engineering Hall,LinkedIn,490,500,7971,3.2,Average event could improve timing
Emerging Career Meetup,Networking,Thursday,6PM,Online,Multiple,469,1067,7873,2.2,"Turnout was disappointing, hard to stay engaged"
Interactive Design Symposium,Career Fair,Friday,10AM,Student Center,LinkedIn,483,499,4378,2.6,Felt underprepared for the number of attendees
Emerging AI Forum,Social Event,Friday,2PM,University Center,Email,340,441,8417,3.4,Average event could improve timing
Interactive AI Forum,Career Fair,Saturday,10AM,Engineering Hall,Multiple,489,561,5078,4.0,Loved the speakers and content
Open Research Summit,Social Event,Monday,12PM,Online,Email,400,474,9334,3.2,Average event could improve timing
Community Entrepreneurship Symposium,Research Talk,Friday,10AM,Online,LinkedIn,312,301,8187,2.8,Felt underprepared for the number of attendees
Modern Design Summit,Research Talk,Wednesday,2PM,Engineering Hall,Email,405,281,5481,2.2,Felt underprepared for the number of attendees
Modern Data Science Workshop,Hackathon,Thursday,6PM,Engineering Hall,Multiple,76,155,5280,3.0,Average event could improve timing
Campus Research Workshop,Career Fair,Monday,12PM,Student Center,Email,485,456,5052,3.6,Interesting but promotion was weak
Collaborative Entrepreneurship Night,Research Talk,Wednesday,10AM,University Center,Multiple,139,125,2976,2.8,Felt underprepared for the number of attendees
Emerging AI Meetup,Networking,Wednesday,12PM,Online,Instagram,459,682,9140,2.8,Too crowded and poorly managed
Applied Robotics Meetup,Social Event,Tuesday,4PM,Online,LinkedIn,171,197,7711,2.6,Felt underprepared for the number of attendees
Campus Cybersecurity Symposium,Social Event,Saturday,2PM,University Center,Flyers,436,324,2400,2.7,Too crowded and poorly managed
Open Robotics Forum,Career Fair,Wednesday,4PM,Student Center,Instagram,244,403,6890,3.3,Interesting but promotion was weak
Applied Data Science Summit,Seminar,Thursday,10AM,Library,LinkedIn,245,177,5672,2.4,Felt underprepared for the number of attendees
Open Design Night,Social Event,Saturday,2PM,Online,Multiple,383,523,4966,3.2,Interesting but promotion was weak
Applied Research Night,Workshop,Wednesday,6PM,Online,LinkedIn,445,603,4461,3.3,Average event could improve timing
Annual AI Summit,Networking,Friday,2PM,Engineering Hall,Flyers,330,219,673,2.8,Felt underprepared for the number of attendees
Open Design Meetup,Career Fair,Monday,6PM,University Center,LinkedIn,229,252,4094,2.7,Felt underprepared for the number of attendees
Applied AI Showcase,Workshop,Monday,6PM,University Center,Email,354,391,4052,2.8,Felt underprepared for the number of attendees
Regional Innovation Meetup,Workshop,Monday,6PM,Engineering Hall,LinkedIn,386,413,9774,3.2,Good organization and networking
Applied Entrepreneurship Workshop,Research Talk,Wednesday,4PM,University Center,LinkedIn,191,182,7495,3.3,Average event could improve timing
Open Design Meetup,Networking,Monday,2PM,University Center,LinkedIn,248,213,5950,3.8,Good organization and networking
Collaborative AI Meetup,Career Fair,Monday,4PM,Engineering Hall,Multiple,251,347,3423,2.7,Felt underprepared for the number of attendees
Annual AI Summit,Social Event,Thursday,12PM,Student Center,Email,276,371,4743,3.2,Good organization and networking
Applied Data Science Summit,Social Event,Saturday,2PM,Online,Email,304,296,2938,3.1,Average event could improve timing
Interactive Innovation Night,Hackathon,Thursday,2PM,Engineering Hall,Flyers,250,258,9914,2.9,Too crowded and poorly managed
Advanced Innovation Night,Career Fair,Thursday,4PM,Online,Email,326,607,4200,3.3,Good organization and networking
Open Cloud Computing Summit,Seminar,Thursday,10AM,Student Center,Multiple,233,301,5963,3.4,Average event could improve timing
Collaborative Design Showcase,Hackathon,Saturday,10AM,Library,Multiple,486,428,6071,3.2,Good organization and networking
Community Cloud Computing Summit,Networking,Tuesday,6PM,University Center,LinkedIn,388,367,3629,2.5,"Turnout was disappointing, hard to stay engaged"
Global Robotics Summit,Hackathon,Saturday,2PM,Online,Email,373,445,7675,3.1,Average event could improve timing
Applied Design Symposium,Networking,Monday,6PM,Engineering Hall,LinkedIn,249,203,1532,2.8,Felt underprepared for the number of attendees
Annual Cloud Computing Summit,Social Event,Thursday,10AM,University Center,Flyers,78,77,6033,3.1,Average event could improve timing
Regional Data Science Showcase,Networking,Saturday,6PM,Online,Multiple,126,191,9992,4.0,Amazing event and very informative
Applied Robotics Summit,Networking,Thursday,10AM,Online,Multiple,73,115,4476,2.9,Felt underprepared for the number of attendees
Regional AI Summit,Networking,Saturday,10AM,Library,Email,283,138,3296,1.3,Felt underprepared for the number of attendees
Emerging Innovation Showcase,Career Fair,Friday,6PM,Engineering Hall,Email,461,528,3820,3.2,Interesting but promotion was weak
Annual Research Meetup,Career Fair,Wednesday,10AM,Student Center,Multiple,120,169,5768,3.3,Good organization and networking
Community Entrepreneurship Forum,Research Talk,Monday,10AM,Library,Instagram,437,242,7301,2.5,Too crowded and poorly managed
Modern Cloud Computing Night,Networking,Thursday,12PM,Student Center,Email,118,116,2137,1.9,Felt underprepared for the number of attendees
Community Networking Forum,Networking,Monday,4PM,University Center,Email,53,43,3439,2.9,Too crowded and poorly managed
Collaborative Cloud Computing Meetup,Research Talk,Thursday,4PM,Engineering Hall,Instagram,123,127,4939,3.3,Average event could improve timing
Regional Networking Night,Networking,Friday,10AM,Student Center,Instagram,417,416,8690,2.6,Felt underprepared for the number of attendees
Regional Product Summit,Seminar,Wednesday,2PM,Online,Email,335,292,4360,2.6,Too crowded and poorly managed
Annual Career Summit,Social Event,Wednesday,6PM,Student Center,Instagram,287,428,3909,3.0,Interesting but promotion was weak
Applied Entrepreneurship Workshop,Seminar,Tuesday,4PM,Online,Instagram,131,106,1206,2.6,Too crowded and poorly managed
Regional Innovation Summit,Networking,Thursday,2PM,Library,Multiple,462,544,7924,3.0,Good organization and networking
Global Innovation Symposium,Social Event,Tuesday,12PM,University Center,LinkedIn,313,278,2401,3.1,Good organization and networking
Regional Entrepreneurship Meetup,Social Event,Friday,2PM,Online,Instagram,432,459,5836,2.9,Too crowded and poorly managed
Modern Cybersecurity Summit,Workshop,Tuesday,4PM,Engineering Hall,LinkedIn,162,150,1704,2.4,"Turnout was disappointing, hard to stay engaged"
Campus Cybersecurity Showcase,Career Fair,Tuesday,12PM,Student Center,LinkedIn,141,175,6846,3.5,Interesting but promotion was weak
Community Research Summit,Networking,Saturday,2PM,Library,Instagram,221,141,2584,2.1,Too crowded and poorly managed
Global Design Forum,Research Talk,Tuesday,10AM,Online,LinkedIn,264,204,3304,2.7,"Turnout was disappointing, hard to stay engaged"
Advanced Product Symposium,Networking,Saturday,6PM,Engineering Hall,Multiple,333,389,4263,3.0,Good organization and networking
Advanced Innovation Night,Seminar,Tuesday,6PM,Online,LinkedIn,192,179,737,2.5,Felt underprepared for the number of attendees
Annual Cloud Computing Summit,Networking,Tuesday,2PM,Online,Multiple,163,228,2940,3.5,Average event could improve timing
Community AI Symposium,Workshop,Thursday,6PM,University Center,LinkedIn,321,452,6960,3.4,Interesting but promotion was weak
Campus Entrepreneurship Workshop,Career Fair,Tuesday,10AM,Student Center,Email,404,397,7162,2.9,Too crowded and poorly managed
Community Cybersecurity Night,Networking,Saturday,10AM,University Center,LinkedIn,392,263,5494,2.6,Too crowded and poorly managed
Advanced Robotics Night,Social Event,Saturday,6PM,University Center,LinkedIn,287,304,2771,3.2,Average event could improve timing
Annual Design Symposium,Seminar,Wednesday,4PM,University Center,Email,247,234,5954,2.6,Felt underprepared for the number of attendees
Regional Research Workshop,Seminar,Wednesday,6PM,Student Center,Multiple,456,538,3893,2.8,Felt underprepared for the number of attendees
Collaborative Research Summit,Hackathon,Monday,6PM,Library,Email,106,113,6774,3.1,Interesting but promotion was weak
Emerging Career Forum,Research Talk,Wednesday,12PM,Student Center,Email,337,271,3854,2.3,Too crowded and poorly managed
Emerging Design Forum,Workshop,Saturday,4PM,Student Center,Instagram,435,407,4193,3.0,Interesting but promotion was weak
Collaborative Product Forum,Hackathon,Thursday,2PM,University Center,Email,240,353,6156,2.1,"Turnout was disappointing, hard to stay engaged"
Emerging Networking Showcase,Seminar,Monday,4PM,Student Center,Multiple,199,228,7905,3.0,Average event could improve timing
Open AI Summit,Seminar,Monday,12PM,Online,Email,91,84,6900,3.1,Good organization and networking
Applied Data Science Workshop,Networking,Wednesday,10AM,Engineering Hall,LinkedIn,127,113,3846,3.0,Average event could improve timing
Community Networking Summit,Career Fair,Saturday,6PM,Engineering Hall,LinkedIn,227,292,7383,3.6,Interesting but promotion was weak
Emerging Cloud Computing Forum,Research Talk,Tuesday,10AM,University Center,Instagram,477,369,9013,2.3,Felt underprepared for the number of attendees
Collaborative Cybersecurity Workshop,Research Talk,Saturday,2PM,Online,Multiple,390,402,9186,3.1,Average event could improve timing
Open Data Science Meetup,Social Event,Tuesday,2PM,Engineering Hall,Flyers,166,137,8433,3.2,Interesting but promotion was weak
Campus Robotics Night,Research Talk,Wednesday,4PM,Engineering Hall,Multiple,132,179,9270,3.2,Interesting but promotion was weak
Modern Robotics Symposium,Hackathon,Saturday,12PM,Engineering Hall,Instagram,109,95,1174,3.2,Interesting but promotion was weak
Emerging Entrepreneurship Meetup,Research Talk,Wednesday,12PM,Engineering Hall,Multiple,412,343,1068,2.4,Felt underprepared for the number of attendees
Advanced Cybersecurity Night,Research Talk,Thursday,6PM,Engineering Hall,Multiple,204,282,2490,3.1,Good organization and networking
Emerging Networking Showcase,Networking,Thursday,2PM,Engineering Hall,Email,428,494,9448,3.1,Average event could improve timing
Collaborative Entrepreneurship Showcase,Research Talk,Thursday,2PM,Student Center,Instagram,459,429,9760,3.0,Average event could improve timing
Open Data Science Symposium,Workshop,Saturday,4PM,University Center,Instagram,397,512,9526,2.8,Too crowded and poorly managed
Applied Career Forum,Social Event,Tuesday,4PM,Library,Email,217,157,1401,3.2,Average event could improve timing
Applied Networking Summit,Social Event,Tuesday,2PM,Engineering Hall,Email,92,86,9321,3.3,Interesting but promotion was weak
Applied Entrepreneurship Symposium,Social Event,Thursday,12PM,Online,Flyers,358,415,8881,3.6,Good organization and networking
Emerging Entrepreneurship Workshop,Networking,Saturday,4PM,Library,LinkedIn,240,136,699,2.6,"Turnout was disappointing, hard to stay engaged"
Open Robotics Night,Career Fair,Friday,10AM,Engineering Hall,LinkedIn,429,470,7309,2.9,"Turnout was disappointing, hard to stay engaged"
Global Design Symposium,Hackathon,Thursday,4PM,Engineering Hall,Multiple,356,542,1910,3.3,Good organization and networking
Annual Cloud Computing Showcase,Seminar,Friday,2PM,University Center,Multiple,437,511,6656,3.7,Good organization and networking
Global Robotics Night,Research Talk,Thursday,12PM,Student Center,LinkedIn,413,403,9804,3.2,Good organization and networking
Open Cybersecurity Forum,Career Fair,Wednesday,6PM,Online,Email,471,885,5447,2.5,Felt underprepared for the number of attendees
Applied Networking Symposium,Hackathon,Thursday,12PM,University Center,Email,128,187,4803,2.8,"Turnout was disappointing, hard to stay engaged"
Regional Design Symposium,Workshop,Saturday,2PM,Online,Instagram,301,355,4509,3.2,Good organization and networking
Applied Networking Symposium,Workshop,Friday,2PM,Student Center,LinkedIn,339,409,7644,3.8,Interesting but promotion was weak
Modern Data Science Meetup,Hackathon,Monday,2PM,Student Center,Multiple,58,80,4752,3.8,Good organization and networking
Advanced Networking Workshop,Research Talk,Thursday,12PM,Library,Instagram,77,70,4967,2.6,"Turnout was disappointing, hard to stay engaged"
Campus AI Forum,Workshop,Wednesday,2PM,Student Center,Email,313,310,3675,3.2,Average event could improve timing
Applied Innovation Showcase,Seminar,Tuesday,6PM,Library,Flyers,473,355,5432,2.5,"Turnout was disappointing, hard to stay engaged"
Campus Product Workshop,Research Talk,Monday,6PM,Student Center,Flyers,471,295,2854,2.0,Too crowded and poorly managed
Interactive Career Night,Research Talk,Thursday,4PM,Library,Instagram,102,86,4069,3.1,Good organization and networking
Regional Cloud Computing Symposium,Networking,Friday,6PM,Student Center,Multiple,414,666,9529,3.1,Average event could improve timing
Emerging Robotics Night,Workshop,Monday,12PM,University Center,LinkedIn,228,209,5604,3.1,Average event could improve timing
Community AI Meetup,Career Fair,Friday,6PM,Library,Instagram,413,547,5491,3.1,Good organization and networking
Regional Cloud Computing Showcase,Networking,Saturday,12PM,Engineering Hall,Flyers,114,65,3938,2.6,Too crowded and poorly managed
Global AI Summit,Seminar,Monday,10AM,University Center,LinkedIn,437,348,7565,2.9,Too crowded and poorly managed
Annual AI Workshop,Seminar,Saturday,6PM,Student Center,Email,290,252,2448,3.2,Interesting but promotion was weak
Applied Entrepreneurship Summit,Hackathon,Monday,10AM,University Center,Multiple,155,178,3777,2.8,Too crowded and poorly managed
Community Research Meetup,Workshop,Tuesday,2PM,Student Center,Flyers,230,191,3130,3.2,Average event could improve timing
Global Innovation Meetup,Social Event,Friday,10AM,University Center,Multiple,440,491,729,3.5,Average event could improve timing
Collaborative Entrepreneurship Showcase,Research Talk,Tuesday,6PM,University Center,Email,159,149,8760,3.1,Average event could improve timing
Advanced Career Forum,Social Event,Tuesday,4PM,University Center,Instagram,477,642,6313,3.1,Interesting but promotion was weak
Campus Cybersecurity Night,Networking,Thursday,10AM,Library,Email,288,182,2307,2.5,Felt underprepared for the number of attendees
Regional Cloud Computing Workshop,Research Talk,Saturday,2PM,Student Center,Email,92,64,5875,2.6,"Turnout was disappointing, hard to stay engaged"
Advanced Career Night,Career Fair,Friday,2PM,Online,Instagram,333,541,7172,3.0,Interesting but promotion was weak
Regional Cloud Computing Symposium,Workshop,Thursday,2PM,Engineering Hall,Email,395,547,8555,2.5,Felt underprepared for the number of attendees
Modern AI Showcase,Social Event,Saturday,10AM,University Center,Instagram,252,228,7063,3.9,Average event could improve timing
Global Cloud Computing Showcase,Networking,Monday,2PM,Engineering Hall,Flyers,152,103,7123,3.0,Good organization and networking
Collaborative Networking Forum,Career Fair,Wednesday,6PM,Student Center,Flyers,437,531,7057,3.9,Interesting but promotion was weak
Regional Design Symposium,Career Fair,Thursday,6PM,Library,Instagram,443,782,7948,3.2,Good organization and networking
Collaborative Networking Summit,Career Fair,Tuesday,12PM,University Center,Email,427,473,1365,2.9,Too crowded and poorly managed
Applied Product Night,Networking,Thursday,6PM,Library,Instagram,205,218,2078,3.3,Good organization and networking
Interactive Entrepreneurship Night,Career Fair,Thursday,12PM,Library,LinkedIn,301,337,8770,3.5,Interesting but promotion was weak
Collaborative Entrepreneurship Night,Seminar,Friday,6PM,University Center,Email,270,302,2451,2.8,"Turnout was disappointing, hard to stay engaged"
Open Innovation Meetup,Career Fair,Thursday,4PM,University Center,Email,140,218,9620,3.5,Average event could improve timing
Applied Cybersecurity Showcase,Career Fair,Thursday,12PM,Library,LinkedIn,299,296,2292,2.9,Felt underprepared for the number of attendees
Interactive Data Science Symposium,Social Event,Saturday,6PM,Student Center,LinkedIn,293,340,9711,3.5,Good organization and networking
Emerging Data Science Summit,Research Talk,Thursday,6PM,Online,Multiple,396,637,6279,3.6,Interesting but promotion was weak
Emerging Cloud Computing Summit,Social Event,Monday,12PM,Library,Flyers,464,248,940,2.5,Felt underprepared for the number of attendees
Global Networking Workshop,Career Fair,Wednesday,2PM,Online,Flyers,78,75,4501,3.6,Good organization and networking
Interactive Entrepreneurship Summit,Social Event,Monday,10AM,Library,Email,222,146,3281,2.0,Too crowded and poorly managed
Community Cybersecurity Forum,Career Fair,Saturday,4PM,Student Center,Multiple,265,338,4868,2.7,Too crowded and poorly managed
Collaborative AI Showcase,Workshop,Wednesday,4PM,Student Center,LinkedIn,215,281,9880,2.8,Too crowded and poorly managed
Modern Design Workshop,Hackathon,Tuesday,2PM,Online,Multiple,465,819,6063,2.1,Too crowded and poorly managed
Annual Design Forum,Career Fair,Tuesday,4PM,University Center,Multiple,159,305,5208,2.2,"Turnout was disappointing, hard to stay engaged"
Regional Research Night,Career Fair,Tuesday,6PM,University Center,Multiple,98,185,6018,3.4,Interesting but promotion was weak
Open Product Night,Social Event,Thursday,4PM,Engineering Hall,Flyers,457,432,1756,3.5,Average event could improve timing
Modern Product Symposium,Research Talk,Thursday,6PM,Library,Instagram,262,238,7091,2.7,"Turnout was disappointing, hard to stay engaged"
Collaborative Career Showcase,Hackathon,Friday,12PM,University Center,Multiple,491,786,3556,3.9,Average event could improve timing
Community Networking Summit,Seminar,Saturday,4PM,Library,Multiple,464,374,7606,2.7,Felt underprepared for the number of attendees
Applied Design Night,Social Event,Tuesday,2PM,Online,Instagram,173,187,2965,3.9,Average event could improve timing
Open Networking Meetup,Career Fair,Thursday,2PM,University Center,Instagram,483,785,7257,3.7,Interesting but promotion was weak
Global Data Science Meetup,Research Talk,Saturday,6PM,Engineering Hall,LinkedIn,172,123,2360,2.4,Too crowded and poorly managed
Annual Career Meetup,Seminar,Wednesday,4PM,Online,Multiple,273,481,7414,3.3,Average event could improve timing
Applied Data Science Showcase,Research Talk,Tuesday,10AM,Library,Flyers,387,192,9522,2.8,Too crowded and poorly managed
Advanced Entrepreneurship Showcase,Career Fair,Monday,10AM,University Center,Flyers,358,297,5382,2.6,Too crowded and poorly managed
Interactive AI Forum,Hackathon,Monday,4PM,Engineering Hall,Instagram,107,143,9854,2.0,Felt underprepared for the number of attendees
Regional Entrepreneurship Workshop,Hackathon,Friday,6PM,Library,LinkedIn,96,95,4400,3.4,Average event could improve timing
Campus Career Workshop,Seminar,Friday,4PM,Engineering Hall,LinkedIn,161,123,2863,2.4,Too crowded and poorly managed
Community AI Workshop,Career Fair,Thursday,2PM,Student Center,Email,301,412,9240,3.1,Interesting but promotion was weak
Collaborative Innovation Workshop,Social Event,Thursday,4PM,Engineering Hall,Flyers,500,477,2874,3.1,Interesting but promotion was weak
Applied Career Workshop,Seminar,Wednesday,10AM,Student Center,Email,480,316,1395,2.8,Felt underprepared for the number of attendees
Advanced Data Science Symposium,Social Event,Thursday,2PM,Library,Email,323,315,4372,2.9,"Turnout was disappointing, hard to stay engaged"
Applied Entrepreneurship Night,Research Talk,Wednesday,10AM,Engineering Hall,Flyers,157,79,3125,2.5,"Turnout was disappointing, hard to stay engaged"
Collaborative Innovation Symposium,Seminar,Saturday,4PM,University Center,Flyers,493,322,1812,3.1,Interesting but promotion was weak
Regional Entrepreneurship Symposium,Seminar,Wednesday,4PM,University Center,Instagram,407,442,4775,2.4,Felt underprepared for the number of attendees
Applied Networking Meetup,Social Event,Saturday,6PM,Library,LinkedIn,405,272,948,2.0,Too crowded and poorly managed
Modern AI Summit,Hackathon,Thursday,12PM,University Center,LinkedIn,152,186,5506,2.7,"Turnout was disappointing, hard to stay engaged"
Collaborative Cybersecurity Night,Networking,Tuesday,6PM,Engineering Hall,Multiple,401,504,7222,3.0,Interesting but promotion was weak
Global AI Symposium,Hackathon,Tuesday,2PM,Engineering Hall,Multiple,473,639,5867,3.4,Interesting but promotion was weak
Interactive Networking Forum,Research Talk,Tuesday,4PM,Online,Multiple,164,169,839,3.5,Good organization and networking
Advanced Research Symposium,Hackathon,Tuesday,10AM,Online,Instagram,184,212,3264,3.1,Good organization and networking
Annual Innovation Forum,Social Event,Wednesday,12PM,University Center,Flyers,137,134,9793,3.0,Good organization and networking
Open Design Showcase,Career Fair,Thursday,4PM,University Center,Instagram,415,657,3828,3.6,Good organization and networking
Community Networking Meetup,Career Fair,Thursday,12PM,Online,Instagram,357,530,4031,3.1,Interesting but promotion was weak
Modern Cybersecurity Meetup,Career Fair,Tuesday,4PM,Engineering Hall,Email,198,223,4789,3.0,Good organization and networking
Community Cloud Computing Showcase,Research Talk,Friday,4PM,University Center,Email,290,236,2682,3.2,Interesting but promotion was weak
Interactive Data Science Summit,Networking,Saturday,4PM,Online,Multiple,181,196,1696,3.5,Good organization and networking
Open Product Forum,Research Talk,Tuesday,4PM,Library,Multiple,393,328,1245,3.0,Good organization and networking
Campus Design Meetup,Career Fair,Wednesday,4PM,Library,Instagram,336,372,1173,2.9,Felt underprepared for the number of attendees
Interactive Cloud Computing Meetup,Social Event,Thursday,2PM,Online,Instagram,95,153,5698,2.6,Felt underprepared for the number of attendees
Emerging Cloud Computing Workshop,Research Talk,Monday,2PM,University Center,Instagram,305,212,5103,2.3,Felt underprepared for the number of attendees
Community Cybersecurity Night,Research Talk,Friday,2PM,Student Center,Flyers,273,181,3203,2.3,"Turnout was disappointing, hard to stay engaged"
Campus Data Science Symposium,Networking,Friday,4PM,University Center,Instagram,126,139,1394,2.8,Too crowded and poorly managed
Emerging Innovation Forum,Research Talk,Tuesday,4PM,Online,Email,303,244,1168,2.6,"Turnout was disappointing, hard to stay engaged"
Global Design Meetup,Career Fair,Thursday,4PM,University Center,Instagram,113,168,6227,3.1,Good organization and networking
Annual Product Night,Seminar,Tuesday,6PM,Library,Multiple,389,456,3979,3.2,Average event could improve timing
Regional Entrepreneurship Summit,Social Event,Tuesday,4PM,University Center,Instagram,443,548,8661,2.7,Felt underprepared for the number of attendees
Campus Data Science Summit,Research Talk,Saturday,10AM,Online,Flyers,352,163,2237,2.4,"Turnout was disappointing, hard to stay engaged"
Annual Networking Forum,Career Fair,Saturday,4PM,Online,Flyers,354,315,595,3.0,Interesting but promotion was weak
Open Entrepreneurship Night,Career Fair,Wednesday,6PM,Engineering Hall,Instagram,491,733,1297,3.0,Average event could improve timing
Open Robotics Meetup,Workshop,Saturday,10AM,Student Center,Multiple,245,212,2016,2.7,"Turnout was disappointing, hard to stay engaged"
Open Networking Night,Seminar,Thursday,10AM,University Center,Instagram,133,140,6865,2.7,"Turnout was disappointing, hard to stay engaged"
Open Networking Forum,Hackathon,Tuesday,10AM,Library,LinkedIn,460,383,7583,3.1,Average event could improve timing
Advanced Cybersecurity Workshop,Networking,Wednesday,10AM,Library,Multiple,152,162,8521,3.2,Interesting but promotion was weak
Campus Cloud Computing Showcase,Social Event,Friday,4PM,University Center,LinkedIn,465,532,6533,3.3,Average event could improve timing
Applied Innovation Meetup,Career Fair,Monday,10AM,Student Center,Flyers,287,181,4173,2.4,Felt underprepared for the number of attendees
Collaborative Design Meetup,Career Fair,Friday,6PM,University Center,Flyers,289,351,7665,3.0,Good organization and networking
Annual Product Summit,Networking,Saturday,2PM,Engineering Hall,Multiple,268,294,5341,3.6,Average event could improve timing
Applied Innovation Forum,Workshop,Friday,10AM,Student Center,LinkedIn,261,191,2048,3.8,Interesting but promotion was weak
Regional Innovation Showcase,Seminar,Wednesday,2PM,Library,Multiple,91,109,8748,3.1,Good organization and networking
Open Entrepreneurship Forum,Career Fair,Tuesday,12PM,Online,Email,92,137,7319,3.1,Average event could improve timing
Campus AI Showcase,Hackathon,Thursday,4PM,Student Center,Flyers,224,252,3566,3.1,Good organization and networking
Regional Data Science Meetup,Social Event,Wednesday,10AM,Online,Multiple,59,72,595,2.9,"Turnout was disappointing, hard to stay engaged"
Modern Research Workshop,Hackathon,Thursday,4PM,Online,Multiple,421,924,8474,2.5,"Turnout was disappointing, hard to stay engaged"
Global AI Night,Hackathon,Saturday,4PM,Library,Email,114,88,2713,3.6,Good organization and networking
Global Cloud Computing Night,Workshop,Saturday,12PM,University Center,Instagram,296,293,2878,2.8,Felt underprepared for the number of attendees
Collaborative Cloud Computing Summit,Hackathon,Friday,12PM,University Center,Flyers,444,483,8092,3.2,Good organization and networking
Modern Career Meetup,Workshop,Tuesday,12PM,Online,LinkedIn,291,330,821,2.9,"Turnout was disappointing, hard to stay engaged"
Community Cloud Computing Symposium,Research Talk,Friday,4PM,University Center,Flyers,54,39,2182,2.7,Felt underprepared for the number of attendees
Advanced Cybersecurity Forum,Seminar,Thursday,6PM,Student Center,Multiple,198,252,1106,2.9,"Turnout was disappointing, hard to stay engaged"
Annual Cloud Computing Forum,Social Event,Saturday,6PM,Online,Instagram,415,433,1494,2.9,Felt underprepared for the number of attendees
Modern Networking Workshop,Research Talk,Friday,10AM,Library,LinkedIn,292,163,2415,1.9,"Turnout was disappointing, hard to stay engaged"
Emerging Cybersecurity Meetup,Career Fair,Saturday,4PM,University Center,Instagram,197,248,3649,3.2,Interesting but promotion was weak
Open Innovation Showcase,Social Event,Tuesday,6PM,Library,Multiple,486,767,8175,2.9,Too crowded and poorly managed
Community Innovation Summit,Career Fair,Thursday,2PM,Online,Instagram,368,569,3894,3.2,Interesting but promotion was weak
Advanced Cybersecurity Workshop,Hackathon,Thursday,12PM,Engineering Hall,Instagram,130,221,8563,2.9,Too crowded and poorly managed
Applied Robotics Meetup,Networking,Tuesday,6PM,University Center,Email,233,293,4773,2.9,"Turnout was disappointing, hard to stay engaged"
Global AI Forum,Seminar,Friday,10AM,University Center,Flyers,270,156,2367,2.1,Felt underprepared for the number of attendees
Open Robotics Night,Networking,Thursday,2PM,Library,Flyers,443,306,1264,2.6,Felt underprepared for the number of attendees
Regional Research Forum,Hackathon,Friday,6PM,University Center,Email,274,460,7989,3.5,Good organization and networking
Regional Career Workshop,Seminar,Monday,6PM,University Center,Multiple,103,141,3236,2.9,Felt underprepared for the number of attendees
Applied Entrepreneurship Workshop,Networking,Saturday,2PM,Online,Multiple,305,305,2126,2.4,Too crowded and poorly managed
Collaborative Entrepreneurship Workshop,Seminar,Tuesday,10AM,Engineering Hall,LinkedIn,262,158,607,2.6,Too crowded and poorly managed
Applied Networking Meetup,Social Event,Tuesday,10AM,Library,Flyers,416,256,7299,3.0,Interesting but promotion was weak
Advanced Cybersecurity Night,Networking,Friday,4PM,Engineering Hall,Instagram,460,494,7525,3.4,Interesting but promotion was weak
Interactive AI Summit,Social Event,Saturday,2PM,University Center,LinkedIn,124,104,662,2.4,Felt underprepared for the number of attendees
Applied Networking Meetup,Research Talk,Wednesday,4PM,Engineering Hall,LinkedIn,81,77,6943,3.1,Good organization and networking
Community Innovation Workshop,Social Event,Monday,6PM,Library,LinkedIn,255,284,9570,3.5,Interesting but promotion was weak
Applied Career Forum,Research Talk,Monday,2PM,Student Center,Multiple,125,136,7118,3.0,Interesting but promotion was weak
Regional Data Science Forum,Social Event,Friday,4PM,Library,LinkedIn,447,367,3732,2.6,"Turnout was disappointing, hard to stay engaged"
Interactive Product Workshop,Research Talk,Thursday,12PM,Student Center,Multiple,195,268,4001,2.9,Too crowded and poorly managed
Open Career Night,Social Event,Wednesday,12PM,University Center,Email,457,619,9346,3.0,Average event could improve timing
Open Networking Forum,Seminar,Wednesday,4PM,Student Center,Email,424,375,1482,2.5,"Turnout was disappointing, hard to stay engaged"
Annual Cybersecurity Workshop,Research Talk,Monday,10AM,University Center,LinkedIn,202,127,9878,2.6,Felt underprepared for the number of attendees
Open Design Showcase,Networking,Saturday,6PM,Student Center,Multiple,482,605,4331,3.3,Interesting but promotion was weak
Emerging Product Forum,Seminar,Saturday,6PM,Engineering Hall,LinkedIn,316,281,4557,3.0,Good organization and networking
Regional AI Summit,Networking,Wednesday,4PM,University Center,Instagram,414,564,7474,3.1,Interesting but promotion was weak
Interactive Cloud Computing Forum,Career Fair,Tuesday,4PM,Engineering Hall,LinkedIn,89,110,6550,2.7,Felt underprepared for the number of attendees
Community Cybersecurity Showcase,Social Event,Friday,4PM,Library,Multiple,305,346,7437,3.1,Interesting but promotion was weak
Community Product Night,Career Fair,Tuesday,12PM,Student Center,Instagram,298,397,7999,3.9,Good organization and networking
Emerging AI Forum,Social Event,Monday,12PM,Online,LinkedIn,66,74,3069,3.3,Average event could improve timing
Interactive Robotics Summit,Seminar,Thursday,10AM,University Center,Flyers,342,218,5244,2.2,Too crowded and poorly managed
Campus Research Symposium,Research Talk,Wednesday,2PM,Library,Flyers,298,161,958,2.6,Too crowded and poorly managed
Regional Product Workshop,Workshop,Wednesday,2PM,Engineering Hall,Instagram,469,618,8508,3.9,Good organization and networking
Emerging Cloud Computing Symposium,Workshop,Monday,4PM,Online,Multiple,208,359,9769,3.1,Interesting but promotion was weak
Applied Cybersecurity Meetup,Seminar,Saturday,6PM,Engineering Hall,Instagram,308,279,8051,2.9,"Turnout was disappointing, hard to stay engaged"
Global Cloud Computing Workshop,Seminar,Saturday,2PM,University Center,Multiple,390,383,7211,3.6,Interesting but promotion was weak
Annual Research Showcase,Social Event,Monday,4PM,Library,Email,493,379,3213,2.6,Felt underprepared for the number of attendees
Global Research Forum,Seminar,Saturday,2PM,Student Center,Email,379,263,9664,3.0,Good organization and networking
Annual AI Showcase,Social Event,Monday,6PM,Student Center,Instagram,434,574,8296,2.9,Felt underprepared for the number of attendees
Regional Product Forum,Social Event,Tuesday,10AM,Library,Instagram,175,139,9995,2.6,"Turnout was disappointing, hard to stay engaged"
Advanced Robotics Symposium,Research Talk,Thursday,6PM,University Center,LinkedIn,491,487,881,3.4,Interesting but promotion was weak
Interactive Robotics Workshop,Workshop,Friday,2PM,Online,Flyers,96,90,2378,3.5,Good organization and networking
Campus Data Science Forum,Networking,Tuesday,2PM,University Center,Instagram,207,204,7172,3.0,Average event could improve timing
Campus Cloud Computing Workshop,Research Talk,Tuesday,10AM,University Center,Flyers,249,142,2117,2.9,"Turnout was disappointing, hard to stay engaged"
Interactive Product Symposium,Research Talk,Thursday,10AM,University Center,Instagram,172,152,4374,3.1,Interesting but promotion was weak
Collaborative Data Science Symposium,Workshop,Wednesday,10AM,Library,LinkedIn,333,271,7169,2.5,Too crowded and poorly managed
Interactive Networking Night,Hackathon,Tuesday,10AM,Library,Multiple,350,347,2163,2.9,Too crowded and poorly managed
Campus Entrepreneurship Forum,Networking,Wednesday,6PM,Online,LinkedIn,92,156,8699,3.2,Good organization and networking
Collaborative Research Workshop,Networking,Tuesday,6PM,Online,Multiple,281,390,1184,3.7,Good organization and networking
Advanced Entrepreneurship Night,Hackathon,Tuesday,10AM,University Center,LinkedIn,189,178,4610,3.4,Average event could improve timing
Interactive Research Summit,Hackathon,Tuesday,6PM,Student Center,Flyers,73,67,3144,3.4,Average event could improve timing
Advanced Career Forum,Research Talk,Monday,4PM,University Center,Instagram,421,454,9617,2.6,"Turnout was disappointing, hard to stay engaged"
Emerging Entrepreneurship Meetup,Social Event,Wednesday,2PM,Library,LinkedIn,189,179,4529,3.3,Average event could improve timing
Collaborative Data Science Summit,Career Fair,Friday,2PM,University Center,Instagram,380,437,533,3.4,Average event could improve timing
Regional Networking Showcase,Hackathon,Tuesday,4PM,Student Center,LinkedIn,440,493,6935,3.3,Average event could improve timing
Emerging Cloud Computing Meetup,Workshop,Friday,10AM,Online,Email,230,258,6666,3.4,Average event could improve timing
Annual Career Showcase,Seminar,Saturday,10AM,University Center,LinkedIn,239,127,3661,1.7,"Turnout was disappointing, hard to stay engaged"
Global Career Symposium,Workshop,Wednesday,2PM,Engineering Hall,Email,467,540,5467,2.3,Felt underprepared for the number of attendees
Applied Cloud Computing Summit,Research Talk,Monday,2PM,Online,Multiple,157,146,616,3.1,Good organization and networking
Applied Innovation Forum,Seminar,Wednesday,6PM,Student Center,LinkedIn,137,145,9540,3.1,Good organization and networking
Regional Robotics Workshop,Hackathon,Saturday,6PM,Student Center,Instagram,83,89,2601,3.0,Average event could improve timing
Applied Product Forum,Social Event,Tuesday,6PM,Library,Instagram,484,475,878,3.2,Average event could improve timing
Advanced Cloud Computing Workshop,Research Talk,Saturday,6PM,Online,Email,268,202,1349,2.8,"Turnout was disappointing, hard to stay engaged"
Community Career Summit,Workshop,Saturday,6PM,Online,LinkedIn,235,351,8974,3.2,Good organization and networking
Emerging AI Forum,Research Talk,Thursday,6PM,Online,Flyers,52,49,6920,3.4,Good organization and networking
Emerging Design Summit,Seminar,Monday,12PM,Online,Email,177,141,3725,2.6,Too crowded and poorly managed
Applied Entrepreneurship Night,Hackathon,Saturday,10AM,University Center,LinkedIn,271,221,893,3.0,Average event could improve timing
Interactive Career Summit,Research Talk,Tuesday,10AM,Online,Instagram,224,156,1391,2.4,"Turnout was disappointing, hard to stay engaged"
Regional AI Summit,Seminar,Friday,6PM,Online,Email,370,409,7814,2.4,Felt underprepared for the number of attendees
Open Research Showcase,Workshop,Thursday,2PM,University Center,Instagram,81,121,7740,2.9,Too crowded and poorly managed
Advanced AI Forum,Career Fair,Monday,10AM,University Center,Multiple,76,91,5331,3.6,Interesting but promotion was weak
Collaborative Cloud Computing Forum,Seminar,Thursday,12PM,Student Center,Multiple,55,70,7928,2.8,"Turnout was disappointing, hard to stay engaged"
Global AI Summit,Social Event,Monday,2PM,University Center,LinkedIn,314,329,5877,3.3,Average event could improve timing
Interactive Design Workshop,Workshop,Friday,10AM,Student Center,Instagram,343,314,2564,3.3,Average event could improve timing
Annual Robotics Workshop,Career Fair,Thursday,6PM,Online,Instagram,174,364,2755,3.0,Good organization and networking
Campus Cybersecurity Workshop,Social Event,Thursday,6PM,Library,Flyers,348,329,9366,2.8,Too crowded and poorly managed
Global Product Night,Social Event,Wednesday,2PM,Library,Email,315,261,2869,2.5,Too crowded and poorly managed
Global AI Workshop,Seminar,Friday,10AM,Online,Flyers,150,108,3782,2.7,Felt underprepared for the number of attendees
Modern Entrepreneurship Forum,Networking,Saturday,4PM,Online,Multiple,404,573,5925,3.2,Average event could improve timing
Global Data Science Showcase,Research Talk,Thursday,2PM,Engineering Hall,Email,282,230,1191,3.1,Interesting but promotion was weak
Community Entrepreneurship Night,Networking,Saturday,12PM,Online,Multiple,159,221,4416,3.4,Interesting but promotion was weak
Annual AI Workshop,Hackathon,Thursday,12PM,Online,Instagram,472,657,610,4.2,Loved the speakers and content
Modern Entrepreneurship Summit,Workshop,Friday,10AM,Engineering Hall,Flyers,275,176,3685,3.1,Average event could improve timing
Campus Entrepreneurship Night,Workshop,Tuesday,12PM,Library,Instagram,162,152,4792,2.9,Felt underprepared for the number of attendees
Annual Networking Meetup,Social Event,Tuesday,12PM,Engineering Hall,Email,140,143,4789,4.0,Amazing event and very informative
Emerging Entrepreneurship Showcase,Career Fair,Saturday,10AM,Library,Instagram,206,174,7974,2.4,Too crowded and poorly managed
Global Career Forum,Networking,Friday,6PM,Online,Email,110,139,2866,2.8,Too crowded and poorly managed
Modern Research Meetup,Career Fair,Saturday,2PM,Library,Multiple,269,287,4506,3.4,Good organization and networking
Open Robotics Night,Seminar,Friday,2PM,Engineering Hall,Flyers,176,87,1372,2.2,Felt underprepared for the number of attendees
Modern AI Meetup,Social Event,Friday,4PM,Engineering Hall,Email,451,533,8211,2.2,Felt underprepared for the number of attendees
Emerging Innovation Workshop,Social Event,Thursday,6PM,Library,LinkedIn,315,462,8106,3.7,Good organization and networking
Modern Networking Summit,Social Event,Saturday,4PM,Online,LinkedIn,187,209,7069,3.4,Average event could improve timing
Advanced Cloud Computing Forum,Networking,Tuesday,12PM,Online,Instagram,252,287,4081,3.1,Interesting but promotion was weak
Collaborative Product Workshop,Networking,Wednesday,2PM,Student Center,Email,118,99,1876,2.8,"Turnout was disappointing, hard to stay engaged"
Collaborative Cybersecurity Symposium,Networking,Friday,10AM,Online,Multiple,368,478,6011,3.1,Interesting but promotion was weak
Collaborative Career Workshop,Career Fair,Wednesday,4PM,Library,Flyers,245,181,904,1.9,Too crowded and poorly managed
Interactive Networking Summit,Hackathon,Monday,2PM,University Center,Flyers,481,460,8720,2.7,Felt underprepared for the number of attendees
Interactive Career Workshop,Seminar,Wednesday,12PM,University Center,Email,86,86,6402,2.8,Too crowded and poorly managed
Community Research Meetup,Networking,Saturday,2PM,Library,Flyers,431,195,4996,2.7,Too crowded and poorly managed
Emerging Cloud Computing Symposium,Seminar,Saturday,6PM,Library,Email,444,323,5406,2.5,"Turnout was disappointing, hard to stay engaged"
Global Career Showcase,Seminar,Friday,10AM,Online,Multiple,439,463,2945,3.3,Interesting but promotion was weak
Community Cybersecurity Workshop,Hackathon,Tuesday,4PM,Engineering Hall,Multiple,350,564,9554,2.9,"Turnout was disappointing, hard to stay engaged"
Collaborative Cybersecurity Night,Seminar,Monday,2PM,Engineering Hall,LinkedIn,444,284,7343,2.2,Too crowded and poorly managed
Community Data Science Symposium,Social Event,Monday,2PM,Engineering Hall,Multiple,497,488,2602,3.2,Interesting but promotion was weak
Advanced Innovation Forum,Seminar,Saturday,2PM,Library,Instagram,264,171,7474,2.6,Felt underprepared for the number of attendees
Campus Entrepreneurship Forum,Research Talk,Wednesday,6PM,University Center,Multiple,452,593,1027,3.6,Good organization and networking
